#pragma once
#include <stdint.h>

static constexpr int splashTomatoWidth = 132;
static constexpr int splashTomatoHeight = 124;
static const uint16_t splashTomatoPixels[] PROGMEM = {
    0x0841, 0x0841, 0x0841, 0x0841, 0x0841, 0x0841, 0x0841, 0x0841, 0x0841, 0x0841, 0x0841, 0x0841,
    0x0841, 0x0841, 0x0841, 0x0841, 0x0841, 0x0841, 0x0841, 0x0841, 0x0841, 0x0841, 0x0841, 0x0841,
    0x0841, 0x0841, 0x0841, 0x0841, 0x0841, 0x0841, 0x0841, 0x0841, 0x0841, 0x0841, 0x0841, 0x0841,
    0x0841, 0x0841, 0x0841, 0x0841, 0x0841, 0x0841, 0x0841, 0x0841, 0x0841, 0x0841, 0x0841, 0x0841,
    0x0841, 0x0841, 0x0841, 0x0841, 0x0841, 0x0841, 0x0841, 0x0841, 0x0841, 0x0841, 0x0841, 0x0841,
    0x0841, 0x0841, 0x0841, 0x0841, 0x0841, 0x0841, 0x0841, 0x0841, 0x0841, 0x0841, 0x0841, 0x0841,
    0x0841, 0x0841, 0x0841, 0x0841, 0x0841, 0x0841, 0x0841, 0x0841, 0x0841, 0x0841, 0x0841, 0x0841,
    0x0841, 0x0841, 0x0841, 0x0841, 0x0841, 0x0841, 0x0841, 0x0841, 0x0841, 0x0841, 0x0841, 0x0841,
    0x0841, 0x0841, 0x0841, 0x0841, 0x0841, 0x0841, 0x0841, 0x0841, 0x0841, 0x0841, 0x0841, 0x0841,
    0x0841, 0x0841, 0x0841, 0x0841, 0x0841, 0x0841, 0x0841, 0x0841, 0x0841, 0x0841, 0x0841, 0x0841,
    0x0841, 0x0841, 0x0841, 0x0841, 0x0841, 0x0841, 0x0841, 0x0841, 0x0841, 0x0841, 0x0841, 0x0841,
    0x0841, 0x0841, 0x0841, 0x0841, 0x0841, 0x0841, 0x0841, 0x0841, 0x0841, 0x0841, 0x0841, 0x0841,
    0x0841, 0x0841, 0x0841, 0x0841, 0x0841, 0x0841, 0x0841, 0x0841, 0x0841, 0x0841, 0x0841, 0x0841,
    0x0841, 0x0841, 0x0841, 0x0841, 0x0841, 0x0841, 0x0841, 0x0841, 0x0841, 0x0841, 0x0841, 0x0841,
    0x0841, 0x0841, 0x0841, 0x0841, 0x0841, 0x0841, 0x0841, 0x0841, 0x0841, 0x0841, 0x0841, 0x0841,
    0x0841, 0x0841, 0x0841, 0x0841, 0x0841, 0x0841, 0x0841, 0x0841, 0x0841, 0x0841, 0x0841, 0x0841,
    0x0841, 0x0841, 0x0841, 0x0841, 0x0841, 0x0841, 0x0841, 0x0841, 0x0841, 0x0841, 0x0841, 0x0841,
    0x0841, 0x0841, 0x0841, 0x0841, 0x0841, 0x0841, 0x0841, 0x0841, 0x0841, 0x0841, 0x0841, 0x0841,
    0x0841, 0x0841, 0x0841, 0x0841, 0x0841, 0x0841, 0x0841, 0x0841, 0x0841, 0x0841, 0x0841, 0x0841,
    0x0841, 0x0841, 0x0841, 0x0841, 0x0841, 0x0841, 0x0841, 0x0841, 0x0841, 0x0841, 0x0841, 0x0841,
    0x0841, 0x0841, 0x0841, 0x0841, 0x0841, 0x0841, 0x0841, 0x0841, 0x0841, 0x0841, 0x0841, 0x0841,
    0x0841, 0x0841, 0x0841, 0x0841, 0x0841, 0x0841, 0x0841, 0x0841, 0x0841, 0x0841, 0x0841, 0x0841,
    0x0841, 0x0841, 0x0841, 0x0841, 0x0841, 0x0841, 0x0841, 0x0841, 0x0841, 0x0841, 0x0841, 0x0841,
    0x0841, 0x0841, 0x0841, 0x0841, 0x0841, 0x0841, 0x0841, 0x0841, 0x0841, 0x0841, 0x0841, 0x0841,
    0x0841, 0x0841, 0x0841, 0x0841, 0x0841, 0x0841, 0x0841, 0x0841, 0x0841, 0x0841, 0x0841, 0x0841,
    0x0841, 0x0841, 0x0841, 0x0841, 0x0841, 0x0841, 0x0841, 0x0841, 0x0841, 0x0841, 0x0841, 0x0841,
    0x0841, 0x0841, 0x0841, 0x0841, 0x0841, 0x0841, 0x0841, 0x0841, 0x0841, 0x0841, 0x0841, 0x0841,
    0x0841, 0x0841, 0x0841, 0x0841, 0x0841, 0x0841, 0x0841, 0x0841, 0x0841, 0x0841, 0x0841, 0x0841,
    0x0841, 0x0841, 0x0841, 0x0841, 0x0841, 0x0841, 0x0841, 0x0841, 0x0841, 0x0841, 0x0841, 0x0841,
    0x0841, 0x0841, 0x0841, 0x0841, 0x0841, 0x0841, 0x0841, 0x0841, 0x0841, 0x0841, 0x0841, 0x0841,
    0x0841, 0x0841, 0x0841, 0x0841, 0x0841, 0x0841, 0x0841, 0x0841, 0x0841, 0x0841, 0x0841, 0x0841,
    0x0841, 0x0841, 0x0841, 0x0841, 0x0841, 0x0841, 0x0841, 0x0841, 0x0841, 0x0841, 0x0841, 0x0841,
    0x0841, 0x0841, 0x0841, 0x0841, 0x0841, 0x0841, 0x0841, 0x0841, 0x0841, 0x0841, 0x0841, 0x0841,
    0x0841, 0x0841, 0x0841, 0x0841, 0x0841, 0x0841, 0x0841, 0x0841, 0x0841, 0x0841, 0x0841, 0x0841,
    0x0841, 0x0841, 0x0841, 0x0841, 0x0841, 0x0841, 0x0841, 0x0841, 0x0841, 0x0841, 0x0841, 0x0841,
    0x0841, 0x0841, 0x0841, 0x0841, 0x0841, 0x0841, 0x0841, 0x0841, 0x0841, 0x0841, 0x0841, 0x0841,
    0x0841, 0x0841, 0x0841, 0x0841, 0x0841, 0x0841, 0x0841, 0x0841, 0x0841, 0x0841, 0x0841, 0x0841,
    0x0841, 0x0841, 0x0841, 0x0841, 0x0841, 0x0841, 0x0841, 0x0841, 0x0841, 0x0841, 0x0841, 0x0841,
    0x0841, 0x0841, 0x0841, 0x0841, 0x0841, 0x0841, 0x0841, 0x0841, 0x0841, 0x0841, 0x0841, 0x0841,
    0x0841, 0x0841, 0x0841, 0x0841, 0x0841, 0x0841, 0x0841, 0x0841, 0x0841, 0x0841, 0x0841, 0x0841,
    0x0841, 0x0841, 0x0841, 0x0841, 0x0841, 0x0841, 0x0841, 0x0841, 0x0841, 0x0841, 0x0841, 0x0841,
    0x0841, 0x0841, 0x0841, 0x0841, 0x0841, 0x0841, 0x0841, 0x0841, 0x0841, 0x0841, 0x0841, 0x0841,
    0x0841, 0x0841, 0x0841, 0x0841, 0x0841, 0x0841, 0x0841, 0x0841, 0x0841, 0x0841, 0x0841, 0x0841,
    0x0841, 0x0841, 0x0841, 0x0841, 0x0841, 0x0841, 0x0841, 0x0841, 0x0841, 0x0841, 0x0841, 0x0841,
    0x0841, 0x0841, 0x0841, 0x0841, 0x0841, 0x0841, 0x0841, 0x0841, 0x0841, 0x0841, 0x0841, 0x0841,
    0x0841, 0x0841, 0x0841, 0x0841, 0x0841, 0x0841, 0x0841, 0x0841, 0x0841, 0x0841, 0x0841, 0x0841,
    0x0841, 0x0841, 0x0841, 0x0841, 0x0841, 0x0841, 0x0841, 0x0841, 0x0841, 0x0841, 0x0841, 0x0841,
    0x0841, 0x0841, 0x0841, 0x0841, 0x0841, 0x0841, 0x0841, 0x0841, 0x0841, 0x0841, 0x0841, 0x0841,
    0x0841, 0x0841, 0x0841, 0x0841, 0x0841, 0x0841, 0x0841, 0x0841, 0x0841, 0x0841, 0x0841, 0x0841,
    0x0841, 0x0841, 0x0841, 0x0841, 0x0841, 0x0841, 0x0841, 0x0841, 0x0841, 0x0841, 0x0841, 0x0841,
    0x0841, 0x0841, 0x0841, 0x0841, 0x0841, 0x0841, 0x0841, 0x0841, 0x0841, 0x0841, 0x0841, 0x0841,
    0x0841, 0x0841, 0x0841, 0x0841, 0x0841, 0x0841, 0x0841, 0x0841, 0x0841, 0x0841, 0x0841, 0x0841,
    0x0841, 0x0841, 0x0841, 0x0841, 0x0841, 0x0841, 0x0841, 0x0841, 0x0841, 0x0841, 0x0841, 0x0841,
    0x0841, 0x0841, 0x0841, 0x0841, 0x0841, 0x0841, 0x0841, 0x0841, 0x0841, 0x0841, 0x0841, 0x0841,
    0x0841, 0x0841, 0x0841, 0x0841, 0x0841, 0x0841, 0x0841, 0x0841, 0x0841, 0x0841, 0x0841, 0x0841,
    0x0841, 0x0841, 0x0841, 0x0841, 0x0841, 0x0841, 0x0841, 0x0841, 0x0841, 0x0841, 0x0841, 0x0841,
    0x0841, 0x0841, 0x0841, 0x0841, 0x0841, 0x0841, 0x0841, 0x0841, 0x0841, 0x0841, 0x0841, 0x0841,
    0x0841, 0x0841, 0x0841, 0x0841, 0x0841, 0x0841, 0x0841, 0x0841, 0x0841, 0x0841, 0x0841, 0x0841,
    0x0841, 0x0841, 0x0841, 0x0841, 0x0841, 0x0841, 0x0841, 0x0841, 0x0841, 0x0841, 0x0841, 0x0841,
    0x0841, 0x0841, 0x0841, 0x0841, 0x0841, 0x0841, 0x0841, 0x0841, 0x0841, 0x0841, 0x0841, 0x0841,
    0x0841, 0x0841, 0x0841, 0x0841, 0x0841, 0x0841, 0x0841, 0x0841, 0x0841, 0x0841, 0x0841, 0x0841,
    0x0841, 0x0841, 0x0841, 0x0841, 0x0841, 0x0841, 0x1081, 0x41A4, 0x18A1, 0x0841, 0x0841, 0x0841,
    0x0841, 0x0841, 0x0841, 0x0841, 0x0841, 0x0841, 0x0841, 0x0841, 0x0841, 0x0841, 0x0841, 0x0841,
    0x0841, 0x0841, 0x0841, 0x0841, 0x0841, 0x0841, 0x0841, 0x0841, 0x0841, 0x0841, 0x0841, 0x0841,
    0x0841, 0x0841, 0x0841, 0x0841, 0x0841, 0x0841, 0x0841, 0x0841, 0x0841, 0x0841, 0x0841, 0x0841,
    0x0841, 0x0841, 0x0841, 0x0841, 0x0841, 0x0841, 0x0841, 0x0841, 0x0841, 0x0841, 0x0841, 0x0841,
    0x0841, 0x0841, 0x0841, 0x0841, 0x0841, 0x0841, 0x0841, 0x0841, 0x0841, 0x0841, 0x0841, 0x0841,
    0x0841, 0x0841, 0x0841, 0x0841, 0x0841, 0x0841, 0x0841, 0x0841, 0x0841, 0x0841, 0x0841, 0x0841,
    0x0841, 0x0841, 0x0841, 0x0841, 0x0841, 0x0841, 0x0841, 0x0841, 0x0841, 0x0841, 0x0841, 0x0841,
    0x0841, 0x0841, 0x0841, 0x0841, 0x0841, 0x0841, 0x0841, 0x0841, 0x0841, 0x0841, 0x0841, 0x0841,
    0x0841, 0x0841, 0x0841, 0x0841, 0x0841, 0x0841, 0x0841, 0x0841, 0x0841, 0x0841, 0x0841, 0x0841,
    0x0841, 0x0841, 0x0841, 0x0841, 0x0841, 0x0841, 0x0841, 0x0841, 0x0841, 0x0841, 0x0841, 0x0841,
    0x0841, 0x0841, 0x0841, 0x0841, 0x0841, 0x0841, 0x1881, 0x3143, 0x6A85, 0x20E2, 0x0841, 0x0841,
    0x0841, 0x0841, 0x0841, 0x0841, 0x0841, 0x0841, 0x0841, 0x0841, 0x0841, 0x0841, 0x0841, 0x0841,
    0x0841, 0x0841, 0x0841, 0x0841, 0x0841, 0x0841, 0x0841, 0x0841, 0x0841, 0x0841, 0x0841, 0x0841,
    0x0841, 0x0841, 0x0841, 0x0841, 0x0841, 0x0841, 0x0841, 0x0841, 0x0841, 0x0841, 0x0841, 0x0841,
    0x0841, 0x0841, 0x0841, 0x0841, 0x0841, 0x0841, 0x0841, 0x0841, 0x0841, 0x0841, 0x0841, 0x0841,
    0x0841, 0x0841, 0x0841, 0x0841, 0x0841, 0x0841, 0x0841, 0x0841, 0x0841, 0x0841, 0x0841, 0x0841,
    0x0841, 0x0841, 0x0841, 0x0841, 0x0841, 0x0841, 0x0841, 0x0841, 0x0841, 0x0841, 0x0841, 0x0841,
    0x0841, 0x0841, 0x0841, 0x0841, 0x0841, 0x0841, 0x0841, 0x0841, 0x0841, 0x0841, 0x0841, 0x0841,
    0x0841, 0x0841, 0x0841, 0x0841, 0x0841, 0x0841, 0x0841, 0x0841, 0x0841, 0x0841, 0x0841, 0x0841,
    0x0841, 0x0841, 0x0841, 0x0841, 0x0841, 0x0841, 0x0841, 0x0841, 0x0841, 0x0841, 0x0841, 0x0841,
    0x0841, 0x0841, 0x0841, 0x0841, 0x0841, 0x0841, 0x0841, 0x0841, 0x0841, 0x0841, 0x0841, 0x0841,
    0x0841, 0x0841, 0x0841, 0x0841, 0x0841, 0x0841, 0x0841, 0x0841, 0x3983, 0x7307, 0x0841, 0x0841,
    0x0841, 0x0841, 0x0841, 0x0841, 0x0841, 0x0841, 0x0841, 0x0841, 0x0841, 0x0841, 0x0841, 0x0841,
    0x0841, 0x0841, 0x0841, 0x0841, 0x0841, 0x0841, 0x0841, 0x0841, 0x0841, 0x0841, 0x0841, 0x0841,
    0x0841, 0x0841, 0x0841, 0x0841, 0x0841, 0x0841, 0x0841, 0x0841, 0x0841, 0x0841, 0x0841, 0x0841,
    0x0841, 0x0841, 0x0841, 0x0841, 0x0841, 0x0841, 0x0841, 0x0841, 0x0841, 0x0841, 0x0841, 0x0841,
    0x0841, 0x0841, 0x0841, 0x0841, 0x0841, 0x0841, 0x0841, 0x0841, 0x0841, 0x0841, 0x0841, 0x0841,
    0x0841, 0x0841, 0x0841, 0x0841, 0x0841, 0x0841, 0x0841, 0x0841, 0x0841, 0x0841, 0x0841, 0x0841,
    0x0841, 0x0841, 0x0841, 0x0841, 0x0841, 0x0841, 0x0841, 0x0841, 0x0841, 0x0841, 0x0841, 0x0841,
    0x0841, 0x0841, 0x0841, 0x0841, 0x0841, 0x0841, 0x0841, 0x0841, 0x0841, 0x0841, 0x0841, 0x0841,
    0x0841, 0x0841, 0x0841, 0x0841, 0x18A1, 0x0841, 0x0841, 0x0841, 0x0841, 0x0841, 0x0841, 0x0841,
    0x0841, 0x0841, 0x0841, 0x0841, 0x0841, 0x0841, 0x0841, 0x0841, 0x0841, 0x0841, 0x0841, 0x0841,
    0x0841, 0x0841, 0x0841, 0x0841, 0x0841, 0x0841, 0x0841, 0x0841, 0x0861, 0x8BC8, 0x18C2, 0x0841,
    0x0841, 0x0841, 0x0841, 0x0841, 0x0841, 0x0841, 0x0841, 0x0841, 0x0841, 0x0841, 0x0841, 0x0841,
    0x0841, 0x0841, 0x0841, 0x0841, 0x0841, 0x0841, 0x0841, 0x0841, 0x0841, 0x0841, 0x0841, 0x0841,
    0x0841, 0x0841, 0x0841, 0x0841, 0x0841, 0x0841, 0x0841, 0x0841, 0x0841, 0x0841, 0x0841, 0x0841,
    0x0841, 0x0841, 0x0841, 0x0841, 0x0841, 0x0841, 0x0841, 0x0841, 0x0841, 0x0841, 0x0841, 0x0841,
    0x0841, 0x0841, 0x0841, 0x0841, 0x0841, 0x0841, 0x0841, 0x0841, 0x0841, 0x0841, 0x0841, 0x0841,
    0x0841, 0x0841, 0x0841, 0x0841, 0x0841, 0x0841, 0x0841, 0x0841, 0x0841, 0x0841, 0x0841, 0x0841,
    0x0841, 0x0841, 0x0841, 0x0841, 0x0841, 0x0841, 0x0841, 0x0841, 0x0841, 0x0841, 0x0841, 0x0841,
    0x0841, 0x0841, 0x0841, 0x0841, 0x0841, 0x0841, 0x0841, 0x0841, 0x0841, 0x0841, 0x0841, 0x0841,
    0x0841, 0x0841, 0x0841, 0x62C5, 0x9428, 0x7B86, 0x41E3, 0x0841, 0x0841, 0x0841, 0x0841, 0x0841,
    0x0841, 0x0841, 0x0841, 0x0841, 0x0841, 0x0841, 0x0841, 0x0841, 0x0841, 0x0841, 0x0841, 0x0841,
    0x0841, 0x0841, 0x0841, 0x0841, 0x0841, 0x0841, 0x0841, 0x0841, 0x0841, 0x7346, 0x5265, 0x0841,
    0x0841, 0x0841, 0x0841, 0x0841, 0x0841, 0x0841, 0x0841, 0x0841, 0x0841, 0x0841, 0x0841, 0x0841,
    0x0841, 0x0841, 0x0841, 0x0841, 0x0841, 0x0841, 0x0841, 0x0841, 0x0841, 0x0841, 0x0841, 0x0841,
    0x0841, 0x0841, 0x0841, 0x0841, 0x0841, 0x0841, 0x0841, 0x0841, 0x0841, 0x0841, 0x0841, 0x0841,
    0x0841, 0x0841, 0x0841, 0x0841, 0x0841, 0x0841, 0x0841, 0x0841, 0x0841, 0x0841, 0x0841, 0x0841,
    0x0841, 0x0841, 0x0841, 0x0841, 0x0841, 0x0841, 0x0841, 0x0841, 0x0841, 0x0841, 0x0841, 0x0841,
    0x0841, 0x0841, 0x0841, 0x0841, 0x0841, 0x0841, 0x0841, 0x0841, 0x0841, 0x0841, 0x0841, 0x0841,
    0x0841, 0x0841, 0x0841, 0x0841, 0x0841, 0x0841, 0x0841, 0x0841, 0x0841, 0x0841, 0x0841, 0x0841,
    0x0841, 0x0841, 0x0841, 0x0841, 0x0841, 0x0841, 0x0841, 0x0841, 0x0841, 0x0841, 0x0841, 0x0841,
    0x0841, 0x0841, 0x0861, 0x6B05, 0x83C7, 0x9C48, 0xAD09, 0x7386, 0x18A1, 0x0841, 0x0841, 0x0841,
    0x0841, 0x0841, 0x0841, 0x0841, 0x0841, 0x0841, 0x0841, 0x0841, 0x0841, 0x0841, 0x0841, 0x0841,
    0x0841, 0x0841, 0x0841, 0x0841, 0x0841, 0x0841, 0x0841, 0x0841, 0x0841, 0x5AA4, 0x7386, 0x0841,
    0x0841, 0x0841, 0x0841, 0x0841, 0x0841, 0x0841, 0x0841, 0x0841, 0x0841, 0x0841, 0x0841, 0x0841,
    0x0841, 0x0841, 0x0841, 0x0841, 0x0841, 0x0841, 0x0841, 0x0841, 0x0841, 0x0841, 0x0841, 0x0841,
    0x0841, 0x0841, 0x0841, 0x0841, 0x0841, 0x0841, 0x0841, 0x0841, 0x0841, 0x0841, 0x0841, 0x0841,
    0x0841, 0x0841, 0x0841, 0x0841, 0x0841, 0x0841, 0x0841, 0x0841, 0x0841, 0x0841, 0x0841, 0x0841,
    0x0841, 0x0841, 0x0841, 0x0841, 0x0841, 0x0841, 0x0841, 0x0841, 0x0841, 0x0841, 0x0841, 0x0841,
    0x0841, 0x0841, 0x0841, 0x0841, 0x0841, 0x0841, 0x0841, 0x0841, 0x0841, 0x0841, 0x0841, 0x0841,
    0x0841, 0x0841, 0x0841, 0x0841, 0x0841, 0x0841, 0x0841, 0x0841, 0x0841, 0x0841, 0x0841, 0x0841,
    0x0841, 0x0841, 0x0841, 0x0841, 0x0841, 0x0841, 0x0841, 0x0841, 0x0841, 0x0841, 0x0841, 0x0841,
    0x0841, 0x0841, 0x0841, 0x18C1, 0x5264, 0x5AC5, 0x5AA5, 0xA4C8, 0x9CA9, 0x41C3, 0x0841, 0x0841,
    0x0841, 0x0841, 0x0841, 0x0841, 0x0841, 0x0841, 0x0841, 0x0841, 0x0841, 0x0841, 0x0841, 0x0841,
    0x0841, 0x0841, 0x0841, 0x0841, 0x0841, 0x0841, 0x0841, 0x0841, 0x0841, 0x6B25, 0x6B45, 0x0841,
    0x0841, 0x0841, 0x0841, 0x0841, 0x0841, 0x0841, 0x0841, 0x0841, 0x0841, 0x0841, 0x0841, 0x0841,
    0x0841, 0x0841, 0x0841, 0x0841, 0x0841, 0x0841, 0x0841, 0x0841, 0x0841, 0x0841, 0x0841, 0x0841,
    0x0841, 0x0841, 0x0841, 0x0841, 0x0841, 0x0841, 0x0841, 0x0841, 0x0841, 0x0841, 0x0841, 0x0841,
    0x0841, 0x0841, 0x0841, 0x0841, 0x0841, 0x0841, 0x0841, 0x0841, 0x0841, 0x0841, 0x0841, 0x0841,
    0x0841, 0x0841, 0x0841, 0x0841, 0x0841, 0x0841, 0x0841, 0x0841, 0x0841, 0x0841, 0x0841, 0x0841,
    0x0841, 0x0841, 0x0841, 0x0841, 0x0841, 0x0841, 0x0841, 0x0841, 0x0841, 0x0841, 0x0841, 0x0841,
    0x0841, 0x0841, 0x0841, 0x0841, 0x0841, 0x0841, 0x0841, 0x0841, 0x0841, 0x0841, 0x0841, 0x0841,
    0x0841, 0x0841, 0x0841, 0x0841, 0x0841, 0x0841, 0x0841, 0x0841, 0x0841, 0x0841, 0x0841, 0x0841,
    0x0841, 0x0841, 0x0841, 0x0841, 0x0841, 0x0841, 0x0841, 0x3162, 0x9CA9, 0xBD6B, 0x7326, 0x1081,
    0x0841, 0x0841, 0x0841, 0x0841, 0x0841, 0x0841, 0x0841, 0x0841, 0x0841, 0x0841, 0x0841, 0x0841,
    0x0841, 0x0841, 0x0841, 0x0841, 0x0841, 0x0841, 0x0841, 0x0841, 0x3163, 0x7BC7, 0x4244, 0x0841,
    0x0841, 0x0841, 0x0841, 0x0841, 0x0841, 0x0841, 0x0841, 0x0841, 0x0841, 0x0841, 0x0841, 0x0841,
    0x0841, 0x0841, 0x0841, 0x0841, 0x0841, 0x0841, 0x0841, 0x0841, 0x0841, 0x0841, 0x0841, 0x0841,
    0x0841, 0x0841, 0x0841, 0x0841, 0x0841, 0x0841, 0x0841, 0x0841, 0x0841, 0x0841, 0x0841, 0x0841,
    0x0841, 0x0841, 0x0841, 0x0841, 0x0841, 0x0841, 0x0841, 0x0841, 0x0841, 0x0841, 0x0841, 0x0841,
    0x0841, 0x0841, 0x0841, 0x0841, 0x0841, 0x0841, 0x0841, 0x0841, 0x0841, 0x0841, 0x0841, 0x0841,
    0x0841, 0x0841, 0x0841, 0x0841, 0x0841, 0x0841, 0x0841, 0x0841, 0x0841, 0x0841, 0x0841, 0x0841,
    0x0841, 0x0841, 0x0841, 0x0841, 0x0841, 0x0841, 0x0841, 0x0841, 0x0841, 0x0841, 0x0841, 0x0841,
    0x0841, 0x0841, 0x0841, 0x0841, 0x0841, 0x0841, 0x0841, 0x0841, 0x0841, 0x0841, 0x0841, 0x0841,
    0x0841, 0x0841, 0x0841, 0x0841, 0x0841, 0x0841, 0x0841, 0x0841, 0x2942, 0xB4EA, 0xC58C, 0xA489,
    0x2922, 0x0841, 0x0841, 0x0841, 0x0841, 0x0841, 0x0841, 0x0841, 0x0841, 0x0841, 0x0841, 0x0841,
    0x0841, 0x0841, 0x0841, 0x0841, 0x0841, 0x0841, 0x0841, 0x1081, 0x8C08, 0x5B25, 0x3A03, 0x0841,
    0x0841, 0x0841, 0x0841, 0x0841, 0x0841, 0x0841, 0x0841, 0x0841, 0x0841, 0x0841, 0x0841, 0x0841,
    0x0841, 0x0841, 0x0841, 0x0841, 0x0841, 0x0841, 0x0841, 0x0841, 0x0841, 0x0841, 0x0841, 0x0841,
    0x0841, 0x0841, 0x0841, 0x0841, 0x0841, 0x0841, 0x0841, 0x0841, 0x0841, 0x0841, 0x0841, 0x0841,
    0x0841, 0x0841, 0x0841, 0x0841, 0x0841, 0x0841, 0x0841, 0x0841, 0x0841, 0x0841, 0x0841, 0x0841,
    0x0841, 0x0841, 0x0841, 0x0841, 0x0841, 0x0841, 0x0841, 0x0841, 0x0841, 0x0841, 0x0841, 0x0841,
    0x0841, 0x0841, 0x0841, 0x0841, 0x0841, 0x0841, 0x0841, 0x0841, 0x0841, 0x0841, 0x0841, 0x0841,
    0x0841, 0x0841, 0x0841, 0x0841, 0x0841, 0x0841, 0x0841, 0x0841, 0x0841, 0x0841, 0x0841, 0x0841,
    0x0841, 0x0841, 0x0841, 0x0841, 0x0841, 0x0841, 0x0841, 0x0841, 0x0841, 0x0841, 0x0841, 0x0841,
    0x0841, 0x0841, 0x0841, 0x0841, 0x0841, 0x0841, 0x0841, 0x0841, 0x0841, 0x5244, 0xC58C, 0xC5CD,
    0xBD4B, 0x3983, 0x0841, 0x0841, 0x0841, 0x0841, 0x0841, 0x0841, 0x0841, 0x0841, 0x0841, 0x0841,
    0x0841, 0x0841, 0x0841, 0x0841, 0x0841, 0x0841, 0x0861, 0x7366, 0x6B87, 0x4284, 0x5AC6, 0x0841,
    0x0841, 0x0841, 0x0841, 0x0841, 0x0841, 0x0841, 0x0841, 0x0841, 0x0841, 0x0841, 0x0841, 0x0841,
    0x0841, 0x0841, 0x0841, 0x0841, 0x0841, 0x0841, 0x0841, 0x0841, 0x0841, 0x0841, 0x0841, 0x0841,
    0x0841, 0x0841, 0x0841, 0x0841, 0x0841, 0x0841, 0x0841, 0x0841, 0x0841, 0x0841, 0x0841, 0x0841,
    0x0841, 0x0841, 0x0841, 0x0841, 0x0841, 0x0841, 0x0841, 0x0841, 0x0841, 0x0841, 0x0841, 0x0841,
    0x0841, 0x0841, 0x0841, 0x0841, 0x0841, 0x0841, 0x0841, 0x0841, 0x0841, 0x0841, 0x0841, 0x0841,
    0x0841, 0x0841, 0x0841, 0x0841, 0x0841, 0x0841, 0x0841, 0x0841, 0x0841, 0x0841, 0x0841, 0x0841,
    0x0841, 0x0841, 0x0841, 0x0841, 0x0841, 0x0841, 0x0841, 0x0841, 0x0841, 0x0841, 0x0841, 0x0841,
    0x0841, 0x0841, 0x0841, 0x0841, 0x0841, 0x0841, 0x0841, 0x0841, 0x0841, 0x0841, 0x0841, 0x0841,
    0x0841, 0x0841, 0x0841, 0x0841, 0x0841, 0x0841, 0x0841, 0x0841, 0x0841, 0x0841, 0x9449, 0xC5CC,
    0xCE0E, 0xBD6B, 0x3162, 0x0841, 0x0841, 0x0841, 0x0841, 0x0841, 0x0841, 0x0841, 0x0841, 0x0841,
    0x0841, 0x0841, 0x0841, 0x0841, 0x0841, 0x0861, 0x5AC5, 0x73A6, 0x4264, 0x4AC5, 0x6B47, 0x0841,
    0x0841, 0x0841, 0x0841, 0x0841, 0x0841, 0x0841, 0x0841, 0x0841, 0x0841, 0x0841, 0x0841, 0x0841,
    0x0841, 0x0841, 0x0841, 0x0841, 0x0841, 0x0841, 0x0841, 0x0841, 0x0841, 0x0841, 0x0841, 0x0841,
    0x0841, 0x0841, 0x0841, 0x0841, 0x0841, 0x0841, 0x0841, 0x0841, 0x0841, 0x0841, 0x0841, 0x0841,
    0x0841, 0x0841, 0x0841, 0x0841, 0x0841, 0x0841, 0x0841, 0x0841, 0x0841, 0x0841, 0x0841, 0x0841,
    0x0841, 0x0841, 0x0841, 0x0841, 0x0841, 0x0841, 0x0841, 0x0841, 0x0841, 0x0841, 0x0841, 0x0841,
    0x0841, 0x0841, 0x0841, 0x0841, 0x0841, 0x0841, 0x0841, 0x0841, 0x0841, 0x0841, 0x0841, 0x0841,
    0x0841, 0x0841, 0x0841, 0x0841, 0x0841, 0x0841, 0x0841, 0x0841, 0x0841, 0x0841, 0x0841, 0x0841,
    0x0841, 0x0841, 0x0841, 0x0841, 0x0841, 0x0841, 0x0841, 0x0841, 0x0841, 0x0841, 0x0841, 0x0841,
    0x0841, 0x0841, 0x0841, 0x0841, 0x0841, 0x0841, 0x0841, 0x0841, 0x0841, 0x0841, 0x3183, 0xC5AC,
    0xBD8C, 0xCDED, 0xACC9, 0x2102, 0x0841, 0x0841, 0x0841, 0x0841, 0x0841, 0x0841, 0x0841, 0x0841,
    0x0841, 0x0841, 0x0841, 0x0841, 0x18A1, 0x5AE5, 0x6BA6, 0x52C5, 0x4264, 0x5B05, 0x8C07, 0x0841,
    0x0841, 0x0841, 0x0841, 0x0841, 0x0841, 0x0841, 0x0841, 0x0841, 0x0841, 0x0841, 0x0841, 0x0841,
    0x0841, 0x0841, 0x0841, 0x0841, 0x0841, 0x0841, 0x0841, 0x0841, 0x0841, 0x0841, 0x0841, 0x0841,
    0x0841, 0x0841, 0x0841, 0x0841, 0x0841, 0x0841, 0x0841, 0x0841, 0x0841, 0x0841, 0x0841, 0x0841,
    0x0841, 0x0841, 0x0841, 0x0841, 0x0841, 0x0841, 0x0841, 0x0841, 0x0841, 0x0841, 0x0841, 0x0841,
    0x0841, 0x0841, 0x0841, 0x0841, 0x0841, 0x0841, 0x0841, 0x0841, 0x0841, 0x0841, 0x0841, 0x0841,
    0x0841, 0x0841, 0x0841, 0x0841, 0x0841, 0x0841, 0x0841, 0x0841, 0x0841, 0x0841, 0x0841, 0x0841,
    0x0841, 0x0841, 0x0841, 0x0841, 0x0841, 0x0841, 0x0841, 0x0841, 0x0841, 0x0841, 0x0841, 0x0841,
    0x0841, 0x0841, 0x0841, 0x0841, 0x0841, 0x0841, 0x0841, 0x0841, 0x0841, 0x0841, 0x0841, 0x0841,
    0x0841, 0x0841, 0x0841, 0x0841, 0x0841, 0x0841, 0x0841, 0x0841, 0x0841, 0x0841, 0x0841, 0x8C08,
    0xBD8B, 0xAD0A, 0xC5EC, 0x9428, 0x0861, 0x0841, 0x0841, 0x0841, 0x0841, 0x0841, 0x0841, 0x0841,
    0x0841, 0x0841, 0x0841, 0x18E1, 0x6304, 0x6BC6, 0x4AA4, 0x4AC5, 0x4285, 0x7386, 0x8C27, 0x0841,
    0x0841, 0x0841, 0x0841, 0x0841, 0x0841, 0x0841, 0x0841, 0x0841, 0x0841, 0x0841, 0x0841, 0x0841,
    0x0841, 0x0841, 0x0841, 0x0841, 0x0841, 0x0841, 0x0841, 0x0841, 0x0841, 0x0841, 0x0841, 0x0841,
    0x0841, 0x0841, 0x0841, 0x0841, 0x0841, 0x0841, 0x0841, 0x0841, 0x0841, 0x0841, 0x0841, 0x0841,
    0x0841, 0x0841, 0x0841, 0x0841, 0x0841, 0x0841, 0x0841, 0x0841, 0x0841, 0x0841, 0x0841, 0x0841,
    0x0841, 0x0841, 0x0841, 0x0841, 0x0841, 0x0841, 0x0841, 0x0841, 0x0841, 0x0841, 0x0841, 0x0841,
    0x0841, 0x0841, 0x0841, 0x0841, 0x0841, 0x0841, 0x0841, 0x0841, 0x0841, 0x0841, 0x0841, 0x0841,
    0x0841, 0x0841, 0x0841, 0x0841, 0x0841, 0x0841, 0x0841, 0x0841, 0x0841, 0x0841, 0x0841, 0x0841,
    0x0841, 0x0841, 0x0841, 0x0841, 0x0841, 0x0841, 0x0841, 0x0841, 0x0841, 0x0841, 0x0841, 0x0841,
    0x0841, 0x0841, 0x0841, 0x0841, 0x0841, 0x0841, 0x0841, 0x0841, 0x0841, 0x0841, 0x0841, 0x4204,
    0xBDAB, 0xA509, 0xAD2A, 0xC5ED, 0x6B06, 0x0841, 0x0841, 0x0841, 0x0841, 0x0841, 0x0841, 0x0841,
    0x0841, 0x0841, 0x18C1, 0x5B05, 0x6365, 0x4AE5, 0x52C5, 0x4AC5, 0x52C5, 0x9488, 0x4A04, 0x0841,
    0x0841, 0x0841, 0x0841, 0x0841, 0x0841, 0x0841, 0x0841, 0x0841, 0x0841, 0x0841, 0x0841, 0x0841,
    0x0841, 0x0841, 0x0841, 0x0841, 0x0841, 0x0841, 0x0841, 0x0841, 0x0841, 0x0841, 0x0841, 0x0841,
    0x0841, 0x0841, 0x0841, 0x0841, 0x0841, 0x0841, 0x0841, 0x0841, 0x0841, 0x0841, 0x0841, 0x0841,
    0x0841, 0x0841, 0x0841, 0x0841, 0x0841, 0x0841, 0x0841, 0x0841, 0x0841, 0x0841, 0x0841, 0x0841,
    0x0841, 0x0841, 0x0841, 0x0841, 0x0841, 0x0841, 0x0841, 0x0841, 0x0841, 0x0841, 0x0841, 0x0841,
    0x0841, 0x0841, 0x0841, 0x0841, 0x0841, 0x0841, 0x0841, 0x0841, 0x0841, 0x0841, 0x0841, 0x0841,
    0x0841, 0x0841, 0x0841, 0x0841, 0x0841, 0x0841, 0x0841, 0x0841, 0x0841, 0x0841, 0x0841, 0x0841,
    0x0841, 0x0841, 0x0841, 0x0841, 0x0841, 0x0841, 0x0841, 0x0841, 0x0841, 0x0841, 0x0841, 0x0841,
    0x0841, 0x0841, 0x0841, 0x0841, 0x0841, 0x0841, 0x0841, 0x0841, 0x0841, 0x0841, 0x0841, 0x18C2,
    0xAD2B, 0xAD4A, 0x9CC9, 0xBD8C, 0xAD0A, 0x2942, 0x0841, 0x0841, 0x0841, 0x0841, 0x0841, 0x0841,
    0x0841, 0x0861, 0x52A4, 0x5B25, 0x4AC4, 0x4AA4, 0x5305, 0x4AA4, 0x7BA6, 0x5AA5, 0x0841, 0x0841,
    0x0841, 0x0841, 0x0841, 0x0841, 0x0841, 0x0841, 0x0841, 0x0841, 0x0841, 0x0841, 0x0841, 0x0841,
    0x0841, 0x0841, 0x0841, 0x0841, 0x0841, 0x0841, 0x0841, 0x0841, 0x0841, 0x0841, 0x0841, 0x0841,
    0x0841, 0x0841, 0x0841, 0x0841, 0x0841, 0x0841, 0x0841, 0x0841, 0x0841, 0x0841, 0x0841, 0x0841,
    0x0841, 0x0841, 0x0841, 0x0841, 0x0841, 0x0841, 0x0841, 0x0841, 0x0841, 0x0841, 0x0841, 0x0841,
    0x0841, 0x0841, 0x0841, 0x0841, 0x0841, 0x0841, 0x0841, 0x0841, 0x0841, 0x0841, 0x0841, 0x0841,
    0x0841, 0x0841, 0x0841, 0x0841, 0x0841, 0x0841, 0x0841, 0x0841, 0x0841, 0x0841, 0x0841, 0x0841,
    0x0841, 0x0841, 0x0841, 0x0841, 0x0841, 0x0841, 0x0841, 0x0841, 0x0841, 0x0841, 0x0841, 0x0841,
    0x0841, 0x0841, 0x0841, 0x0841, 0x0841, 0x0841, 0x18C2, 0x39C3, 0x5264, 0x5244, 0x4203, 0x39E4,
    0x2943, 0x1081, 0x0841, 0x0841, 0x0841, 0x0841, 0x0841, 0x0841, 0x0841, 0x0841, 0x0841, 0x0841,
    0x8C08, 0xBDAB, 0x9CC9, 0xA4A9, 0xB54A, 0x83A7, 0x0861, 0x0841, 0x0841, 0x0841, 0x0841, 0x0841,
    0x0841, 0x2942, 0x6325, 0x5AE5, 0x5AA4, 0x6B26, 0x5B05, 0x6B46, 0x6B06, 0x0841, 0x0841, 0x0841,
    0x0841, 0x0841, 0x0841, 0x0841, 0x0841, 0x0841, 0x0841, 0x0841, 0x0841, 0x0841, 0x0841, 0x0841,
    0x0841, 0x0841, 0x0841, 0x0841, 0x0841, 0x0841, 0x0841, 0x0841, 0x0841, 0x0841, 0x0841, 0x0841,
    0x0841, 0x0841, 0x0841, 0x0841, 0x0841, 0x0841, 0x0841, 0x0841, 0x0841, 0x0841, 0x0841, 0x0841,
    0x0841, 0x0841, 0x0841, 0x0841, 0x0841, 0x0841, 0x0841, 0x0841, 0x0841, 0x0841, 0x0841, 0x0841,
    0x0841, 0x0841, 0x0841, 0x0841, 0x0841, 0x0841, 0x0841, 0x0841, 0x0841, 0x0841, 0x0841, 0x0841,
    0x0841, 0x0841, 0x0841, 0x0841, 0x0841, 0x0841, 0x0841, 0x0841, 0x0841, 0x0841, 0x0841, 0x0841,
    0x0841, 0x0841, 0x0841, 0x0841, 0x0841, 0x0841, 0x0841, 0x0841, 0x0841, 0x0841, 0x0841, 0x0841,
    0x0841, 0x0841, 0x0841, 0x2102, 0x5A85, 0x93E8, 0xACEA, 0xA4C9, 0x9489, 0x83E7, 0x7BA6, 0x6B46,
    0x7BA7, 0x9449, 0x9C8A, 0x62C5, 0x20E2, 0x0841, 0x0841, 0x0841, 0x0841, 0x0841, 0x0841, 0x0841,
    0x5AC6, 0xB56B, 0x9CA8, 0x94A8, 0xAD4A, 0x9CA9, 0x39C3, 0x0841, 0x0841, 0x0841, 0x0841, 0x0841,
    0x0841, 0x4A43, 0x6B65, 0x5AE5, 0x6305, 0x83C7, 0x6B66, 0x7BA6, 0x41C3, 0x0841, 0x0841, 0x0841,
    0x0841, 0x0841, 0x0841, 0x0841, 0x0841, 0x0841, 0x0841, 0x0841, 0x0841, 0x0841, 0x0841, 0x0841,
    0x0841, 0x0841, 0x0841, 0x0841, 0x0841, 0x0841, 0x0841, 0x0841, 0x0841, 0x0841, 0x0841, 0x0841,
    0x0841, 0x0841, 0x0841, 0x0841, 0x0841, 0x0841, 0x0841, 0x0841, 0x0841, 0x0841, 0x0841, 0x0841,
    0x0841, 0x0841, 0x0841, 0x0841, 0x0841, 0x0841, 0x0841, 0x0841, 0x0841, 0x0841, 0x0841, 0x0841,
    0x0841, 0x0841, 0x0841, 0x0841, 0x0841, 0x0841, 0x0841, 0x0841, 0x0841, 0x0841, 0x0841, 0x0841,
    0x0841, 0x0841, 0x0841, 0x0841, 0x0841, 0x0841, 0x0841, 0x0841, 0x0841, 0x0841, 0x0841, 0x0841,
    0x0841, 0x0841, 0x0841, 0x0841, 0x0841, 0x0841, 0x0841, 0x0841, 0x0841, 0x0841, 0x0841, 0x0841,
    0x0841, 0x49C4, 0x8B87, 0xA448, 0x9408, 0x6B06, 0x41C4, 0x2102, 0x20E2, 0x2942, 0x2922, 0x0861,
    0x2922, 0x6B25, 0x9C48, 0xD5ED, 0xBD4B, 0x62C5, 0x18A1, 0x0841, 0x0841, 0x0841, 0x0841, 0x0841,
    0x3143, 0xAD0A, 0xA509, 0x9CA9, 0xACE9, 0x8C68, 0x62E5, 0x1061, 0x28A1, 0x48E2, 0x5102, 0x5922,
    0x4943, 0x6304, 0x6B65, 0x6325, 0x7386, 0x73C7, 0x6365, 0x7BA7, 0xA48A, 0x4A04, 0x0841, 0x0841,
    0x0841, 0x0841, 0x0841, 0x0841, 0x0841, 0x0841, 0x0841, 0x0841, 0x0841, 0x0841, 0x0841, 0x0841,
    0x0841, 0x0841, 0x0841, 0x0841, 0x0841, 0x0841, 0x0841, 0x0841, 0x0841, 0x0841, 0x0841, 0x0841,
    0x0841, 0x0841, 0x0841, 0x0841, 0x0841, 0x0841, 0x0841, 0x0841, 0x0841, 0x0841, 0x0841, 0x0841,
    0x0841, 0x0841, 0x0841, 0x0841, 0x0841, 0x0841, 0x0841, 0x0841, 0x0841, 0x0841, 0x0841, 0x0841,
    0x0841, 0x0841, 0x0841, 0x0841, 0x0841, 0x0841, 0x0841, 0x0841, 0x0841, 0x0841, 0x0841, 0x0841,
    0x0841, 0x0841, 0x0841, 0x0841, 0x0841, 0x0841, 0x0841, 0x0841, 0x0841, 0x0841, 0x0841, 0x0841,
    0x0841, 0x0841, 0x0841, 0x0841, 0x0841, 0x0841, 0x0841, 0x0841, 0x0841, 0x0841, 0x0841, 0x20C2,
    0x8AE6, 0x8B27, 0x41A3, 0x1081, 0x0841, 0x0841, 0x0841, 0x0841, 0x0841, 0x0841, 0x0841, 0x0841,
    0x0841, 0x4203, 0x52E4, 0x8C28, 0xCE0D, 0xBD6B, 0x9407, 0x39A4, 0x0841, 0x0841, 0x0841, 0x0841,
    0x1081, 0x9488, 0xAD4A, 0x9CA9, 0x9488, 0x73C6, 0x83C7, 0xBA86, 0xE2A6, 0xEB07, 0xEB27, 0xFB07,
    0xCB47, 0x73A6, 0x6B66, 0x6B46, 0x7BC7, 0x73C7, 0x83E6, 0x9CAC, 0xC5D0, 0x2102, 0x0841, 0x0841,
    0x0841, 0x0841, 0x0841, 0x0841, 0x0841, 0x0841, 0x0841, 0x0841, 0x0841, 0x0841, 0x0841, 0x0841,
    0x0841, 0x0841, 0x0841, 0x0841, 0x0841, 0x0841, 0x0841, 0x0841, 0x0841, 0x0841, 0x0841, 0x0841,
    0x0841, 0x0841, 0x0841, 0x0841, 0x0841, 0x0841, 0x0841, 0x0841, 0x0841, 0x0841, 0x0841, 0x0841,
    0x0841, 0x0841, 0x0841, 0x0841, 0x0841, 0x0841, 0x0841, 0x0841, 0x0841, 0x0841, 0x0841, 0x0841,
    0x0841, 0x0841, 0x0841, 0x0841, 0x0841, 0x0841, 0x0841, 0x0841, 0x0841, 0x0841, 0x0841, 0x0841,
    0x0841, 0x0841, 0x0841, 0x0841, 0x0841, 0x0841, 0x0841, 0x0841, 0x0841, 0x0841, 0x0841, 0x0841,
    0x0841, 0x0841, 0x0841, 0x0841, 0x0841, 0x0841, 0x0841, 0x0841, 0x0841, 0x0841, 0x3102, 0x82C6,
    0x3122, 0x0841, 0x0841, 0x0841, 0x0841, 0x0841, 0x0841, 0x0841, 0x0841, 0x0841, 0x0841, 0x0841,
    0x0841, 0x3102, 0x6B45, 0x6B65, 0x9468, 0xC5AD, 0x9448, 0xA4A9, 0x4A04, 0x1861, 0x5143, 0x9225,
    0xB2C7, 0x9C08, 0xA4E9, 0x8C07, 0x7BC7, 0x6B86, 0x8408, 0xCB68, 0xE2A6, 0xE326, 0xE387, 0xF3C8,
    0xAB66, 0x7C07, 0x7BE7, 0x73A7, 0x7BC7, 0x8C48, 0x9C89, 0xA48B, 0x92E7, 0x7183, 0x9204, 0xAA24,
    0xB2A6, 0xA2E7, 0x8286, 0x59E5, 0x28E2, 0x0841, 0x0841, 0x0841, 0x0841, 0x0841, 0x0841, 0x0841,
    0x0841, 0x0841, 0x0841, 0x0841, 0x0841, 0x0841, 0x0841, 0x0841, 0x0841, 0x0841, 0x0841, 0x0841,
    0x0841, 0x0841, 0x0841, 0x0841, 0x0841, 0x0841, 0x0841, 0x0841, 0x0841, 0x0841, 0x0841, 0x0841,
    0x0841, 0x0841, 0x0841, 0x0841, 0x0841, 0x0841, 0x0841, 0x0841, 0x0841, 0x0841, 0x0841, 0x0841,
    0x0841, 0x0841, 0x0841, 0x0841, 0x0841, 0x0841, 0x0841, 0x0841, 0x0841, 0x0841, 0x0841, 0x0841,
    0x0841, 0x0841, 0x0841, 0x0841, 0x0841, 0x0841, 0x0841, 0x0841, 0x0841, 0x0841, 0x0841, 0x0841,
    0x0841, 0x0841, 0x0841, 0x0841, 0x0841, 0x0841, 0x0841, 0x0841, 0x0841, 0x1881, 0x7265, 0x1081,
    0x0841, 0x0841, 0x0841, 0x0841, 0x0841, 0x0841, 0x0841, 0x0841, 0x0841, 0x30C2, 0x6163, 0xA245,
    0xCAC6, 0xF367, 0xABA8, 0x6365, 0x7BC7, 0xAD2A, 0x9468, 0x83C6, 0x9C68, 0xC3EA, 0xFC8C, 0xFC4B,
    0xF328, 0xA387, 0x8427, 0x6B05, 0x6B25, 0x5B05, 0x6B66, 0xB408, 0xE387, 0xEC48, 0xF4A9, 0xE428,
    0x93C7, 0x8C68, 0x8407, 0x8C48, 0x9489, 0xB54B, 0xA50B, 0xCB27, 0xF2C6, 0xFB88, 0xFC8B, 0xFDB0,
    0xFE31, 0xFDF0, 0xFDAF, 0xFCCC, 0xEBC8, 0xC2E6, 0x69A4, 0x1061, 0x0841, 0x0841, 0x0841, 0x0841,
    0x0841, 0x0841, 0x0841, 0x0841, 0x0841, 0x0841, 0x0841, 0x0841, 0x0841, 0x0841, 0x0841, 0x0841,
    0x0841, 0x0841, 0x0841, 0x0841, 0x0841, 0x0841, 0x0841, 0x0841, 0x0841, 0x0841, 0x0841, 0x0841,
    0x0841, 0x0841, 0x0841, 0x0841, 0x0841, 0x0841, 0x0841, 0x0841, 0x0841, 0x0841, 0x0841, 0x0841,
    0x0841, 0x0841, 0x0841, 0x0841, 0x0841, 0x0841, 0x0841, 0x0841, 0x0841, 0x0841, 0x0841, 0x0841,
    0x0841, 0x0841, 0x0841, 0x0841, 0x0841, 0x0841, 0x0841, 0x0841, 0x0841, 0x0841, 0x0841, 0x0841,
    0x0841, 0x0841, 0x0841, 0x0841, 0x0841, 0x0841, 0x0841, 0x0841, 0x0841, 0x59E4, 0x20C2, 0x0841,
    0x0841, 0x0841, 0x0841, 0x0841, 0x0841, 0x0841, 0x30A1, 0x81A3, 0xCAA6, 0xF307, 0xFB46, 0xFB26,
    0xFB67, 0xFC2A, 0xFC4B, 0x9346, 0x73E6, 0x9468, 0x9C88, 0x83E6, 0x7BE6, 0x9C28, 0xE40A, 0xE328,
    0xDA86, 0x9BA7, 0x73C7, 0x6B25, 0x5284, 0x4A84, 0x52C4, 0x93E8, 0xE428, 0xECA9, 0xF4A9, 0xABC7,
    0x9CA8, 0x9CA9, 0x8C68, 0x8C68, 0xACEA, 0xC5CD, 0xAC49, 0xE265, 0xF2C6, 0xF327, 0xF50E, 0xF590,
    0xF46C, 0xF388, 0xF327, 0xF2C6, 0xF2A5, 0xFAC5, 0xFB26, 0xE306, 0x71E4, 0x18A2, 0x18C2, 0x3163,
    0x39A3, 0x3163, 0x2943, 0x18C2, 0x0841, 0x0841, 0x0841, 0x0841, 0x0841, 0x0841, 0x0841, 0x0841,
    0x0841, 0x0841, 0x0841, 0x0841, 0x0841, 0x0841, 0x0841, 0x0841, 0x0841, 0x0841, 0x0841, 0x0841,
    0x0841, 0x0841, 0x0841, 0x0841, 0x0841, 0x0841, 0x0841, 0x0841, 0x0841, 0x0841, 0x0841, 0x0841,
    0x0841, 0x0841, 0x0841, 0x0841, 0x0841, 0x0841, 0x0841, 0x0841, 0x0841, 0x0841, 0x0841, 0x0841,
    0x0841, 0x0841, 0x0841, 0x0841, 0x0841, 0x0841, 0x0841, 0x0841, 0x0841, 0x0841, 0x0841, 0x0841,
    0x0841, 0x0841, 0x0841, 0x0841, 0x0841, 0x0841, 0x0841, 0x0841, 0x20C2, 0x3922, 0x0841, 0x0841,
    0x0841, 0x0841, 0x0841, 0x1041, 0x5922, 0xB245, 0xEAC6, 0xFAA6, 0xFA65, 0xF203, 0xF264, 0xF326,
    0xF46A, 0xF58F, 0xFCAB, 0xE306, 0x7B46, 0x8C48, 0x8C48, 0x8407, 0x7BC6, 0x7BC6, 0xBBA8, 0xDA45,
    0xD2A7, 0x93C6, 0x6B86, 0x4264, 0x4264, 0x52A5, 0x5B06, 0x83E9, 0xD469, 0xF448, 0xB3E7, 0x8C27,
    0xB54A, 0xAD0A, 0x7C07, 0x9CA9, 0xD5EE, 0xC5CE, 0xBC09, 0xF266, 0xEA86, 0xEA65, 0xF265, 0xF285,
    0xF285, 0xF347, 0xF2E6, 0xF2E6, 0xFBA8, 0xFB88, 0xE3A7, 0xD408, 0xB449, 0x7BA7, 0x6B66, 0x73A7,
    0x7BA7, 0x7366, 0x7387, 0xACEB, 0xBD4B, 0x8C29, 0x62C6, 0x2102, 0x0841, 0x0841, 0x0841, 0x0841,
    0x0841, 0x0841, 0x0841, 0x0841, 0x0841, 0x0841, 0x0841, 0x0841, 0x0841, 0x0841, 0x0841, 0x0841,
    0x0841, 0x0841, 0x0841, 0x0841, 0x0841, 0x0841, 0x0841, 0x0841, 0x0841, 0x0841, 0x0841, 0x0841,
    0x0841, 0x0841, 0x0841, 0x0841, 0x0841, 0x0841, 0x0841, 0x0841, 0x0841, 0x0841, 0x0841, 0x0841,
    0x0841, 0x0841, 0x0841, 0x0841, 0x0841, 0x0841, 0x0841, 0x0841, 0x0841, 0x0841, 0x0841, 0x0841,
    0x0841, 0x0841, 0x0841, 0x0841, 0x0841, 0x0841, 0x0841, 0x0841, 0x1061, 0x0841, 0x0841, 0x0841,
    0x0841, 0x1040, 0x6942, 0xD265, 0xFAC6, 0xFA85, 0xEA04, 0xEA23, 0xEA44, 0xF326, 0xFC29, 0xFCCB,
    0xFCEC, 0xF469, 0xF386, 0xF263, 0xAA84, 0x8C69, 0x8C47, 0x8C68, 0x9489, 0x8C48, 0x83C6, 0xCAE6,
    0xCA46, 0x7326, 0x5B46, 0x7388, 0xBD2E, 0xDDCF, 0xEE10, 0xD5EF, 0xC4AA, 0xAB67, 0x6B66, 0xA4E9,
    0xBD4A, 0xA4C9, 0x6BA7, 0xB52B, 0xBD6C, 0xB52B, 0xB3E8, 0xEA45, 0xEA45, 0xEA65, 0xEA45, 0xEA45,
    0xEA85, 0xF2E6, 0xFBC8, 0xF50D, 0xCD4D, 0x93C8, 0x7366, 0x5B45, 0x5B05, 0x8366, 0xABC7, 0xC3C6,
    0xE448, 0xC367, 0x5162, 0x20C1, 0x5AC6, 0xBD6C, 0xE68E, 0xD60D, 0x9409, 0x2923, 0x0841, 0x0841,
    0x0841, 0x0841, 0x0841, 0x0841, 0x0841, 0x0841, 0x0841, 0x0841, 0x0841, 0x0841, 0x0841, 0x0841,
    0x0841, 0x0841, 0x0841, 0x0841, 0x0841, 0x0841, 0x0841, 0x0841, 0x0841, 0x0841, 0x0841, 0x0841,
    0x0841, 0x0841, 0x0841, 0x0841, 0x0841, 0x0841, 0x0841, 0x0841, 0x0841, 0x0841, 0x0841, 0x0841,
    0x0841, 0x0841, 0x0841, 0x0841, 0x0841, 0x0841, 0x0841, 0x0841, 0x0841, 0x0841, 0x0841, 0x0841,
    0x0841, 0x0841, 0x0841, 0x0841, 0x0841, 0x0841, 0x0841, 0x0841, 0x0841, 0x0841, 0x0841, 0x0841,
    0x5902, 0xCA45, 0xFAC6, 0xF285, 0xE224, 0xE1C3, 0xEA23, 0xEA64, 0xF2A4, 0xF326, 0xF345, 0xF3C7,
    0xF3C7, 0xF324, 0xF304, 0xEAE4, 0xE263, 0xA428, 0x94A9, 0xA4EA, 0x9CEA, 0xA50A, 0x8C88, 0xA428,
    0xBA45, 0x62E5, 0x8C09, 0xDE30, 0xDDEF, 0xBD0C, 0x9C48, 0xCDCE, 0xBD6E, 0x5B05, 0x6B66, 0x9C89,
    0xBD4A, 0x7386, 0x73C7, 0x9CC9, 0xACE9, 0xA4E9, 0xAC28, 0xE266, 0xEA45, 0xE1E4, 0xD9E4, 0xE1E4,
    0xF224, 0xEB48, 0xB429, 0x73A8, 0x4A64, 0x4243, 0x52C5, 0x9387, 0xDC08, 0xF447, 0xFCA8, 0xFCA8,
    0xFC87, 0xFCA9, 0xFC49, 0xB2C6, 0x30A1, 0x0841, 0x39C4, 0x83A8, 0xC56C, 0xDE0E, 0x7347, 0x0861,
    0x0841, 0x0841, 0x0841, 0x0841, 0x0841, 0x0841, 0x0841, 0x0841, 0x0841, 0x0841, 0x0841, 0x0841,
    0x0841, 0x0841, 0x0841, 0x0841, 0x0841, 0x0841, 0x0841, 0x0841, 0x0841, 0x0841, 0x0841, 0x0841,
    0x0841, 0x0841, 0x0841, 0x0841, 0x0841, 0x0841, 0x0841, 0x0841, 0x0841, 0x0841, 0x0841, 0x0841,
    0x0841, 0x0841, 0x0841, 0x0841, 0x0841, 0x0841, 0x0841, 0x0841, 0x0841, 0x0841, 0x0841, 0x0841,
    0x0841, 0x0841, 0x0841, 0x0841, 0x0841, 0x0841, 0x0841, 0x0841, 0x0841, 0x0841, 0x2881, 0xA9E4,
    0xEA65, 0xEA86, 0xDA25, 0xE1E4, 0xE1E4, 0xEA44, 0xF2A5, 0xF284, 0xF2E5, 0xF346, 0xF3E7, 0xF428,
    0xF3E6, 0xF3A6, 0xF345, 0xEAE4, 0xEAA3, 0xBB46, 0x9D0A, 0xAD4B, 0xA50A, 0xA52B, 0xA50A, 0x7C28,
    0x92E6, 0x7305, 0x52C5, 0x4A84, 0x52C5, 0x3A23, 0x9CA9, 0xE671, 0xA4CB, 0x5B26, 0x73A7, 0x8C07,
    0x83E7, 0x5B46, 0x6B66, 0x9CE9, 0xACE9, 0x9CA8, 0x9C48, 0xD245, 0xE1C3, 0xD9C4, 0xE1C4, 0xEA05,
    0xC368, 0x7346, 0x4243, 0x4224, 0x4264, 0x7327, 0xCBC8, 0xFBA7, 0xFBE8, 0xF489, 0xF4EA, 0xF54B,
    0xF52A, 0xF489, 0xF429, 0xFC49, 0xFBC8, 0x81C4, 0x0841, 0x0841, 0x1061, 0x4204, 0xAC6A, 0xB42A,
    0x20C2, 0x0841, 0x0841, 0x0841, 0x0841, 0x0841, 0x0841, 0x0841, 0x0841, 0x0841, 0x0841, 0x0841,
    0x0841, 0x0841, 0x0841, 0x0841, 0x0841, 0x0841, 0x0841, 0x0841, 0x0841, 0x0841, 0x0841, 0x0841,
    0x0841, 0x0841, 0x0841, 0x0841, 0x0841, 0x0841, 0x0841, 0x0841, 0x0841, 0x0841, 0x0841, 0x0841,
    0x0841, 0x0841, 0x0841, 0x0841, 0x0841, 0x0841, 0x0841, 0x0841, 0x0841, 0x0841, 0x0841, 0x0841,
    0x0841, 0x0841, 0x0841, 0x0841, 0x0841, 0x0841, 0x0841, 0x0841, 0x0841, 0x6122, 0xE265, 0xEA45,
    0xDA46, 0xDA26, 0xD9E5, 0xE1E4, 0xEA44, 0xF2C5, 0xF2E5, 0xF325, 0xF3E7, 0xF449, 0xF489, 0xF428,
    0xF3E7, 0xEBA6, 0xEB45, 0xE2E4, 0xE304, 0xCAC4, 0x9C69, 0xAD4A, 0xBDAC, 0xA50A, 0x94A9, 0x6BA7,
    0x73A7, 0x6AC5, 0x52E5, 0x4244, 0x31E3, 0x52C5, 0x9429, 0xA4EB, 0xA4C9, 0x5B06, 0x6BA7, 0x6B46,
    0x52E6, 0x6305, 0x8C48, 0xA4C9, 0xAC89, 0x94A8, 0xB48A, 0xD1C4, 0xD1A3, 0xE1A3, 0xE286, 0xA3C9,
    0x6366, 0x4A64, 0x4A44, 0x4A44, 0x9306, 0xEB68, 0xFBC8, 0xF489, 0xF54B, 0xFDCC, 0xFE0D, 0xFDEC,
    0xFDCC, 0xF58B, 0xF4CA, 0xF429, 0xF3E9, 0xFBC8, 0xB265, 0x20A1, 0x0841, 0x0841, 0x0841, 0x72A6,
    0xC48B, 0x20C2, 0x0841, 0x0841, 0x0841, 0x0841, 0x0841, 0x0841, 0x0841, 0x0841, 0x0841, 0x0841,
    0x0841, 0x0841, 0x0841, 0x0841, 0x0841, 0x0841, 0x0841, 0x0841, 0x0841, 0x0841, 0x0841, 0x0841,
    0x0841, 0x0841, 0x0841, 0x0841, 0x0841, 0x0841, 0x0841, 0x0841, 0x0841, 0x0841, 0x0841, 0x0841,
    0x0841, 0x0841, 0x0841, 0x0841, 0x0841, 0x0841, 0x0841, 0x0841, 0x0841, 0x0841, 0x0841, 0x0841,
    0x0841, 0x0841, 0x0841, 0x0841, 0x0841, 0x0841, 0x0841, 0x1040, 0x9183, 0xEA86, 0xD9E5, 0xD1C4,
    0xDA05, 0xD9E5, 0xD9A4, 0xE1C4, 0xD9A3, 0xD982, 0xE1A3, 0xE223, 0xEAE5, 0xF387, 0xF3E7, 0xF407,
    0xEBE7, 0xEB66, 0xE345, 0xDB45, 0xDB04, 0xDB04, 0xABA7, 0xB58C, 0xC5CC, 0x94A9, 0x6BA7, 0x6BC7,
    0x5B46, 0x6306, 0x52C5, 0x5AA5, 0x4224, 0x4223, 0x52A4, 0x8C67, 0xB549, 0x7387, 0x5AE5, 0x5AE6,
    0x4A65, 0x7305, 0xA509, 0xACEA, 0xA468, 0x94C9, 0xC409, 0xD183, 0xE1E4, 0xCAC6, 0x83C8, 0x6B86,
    0x6B06, 0x4264, 0x4A44, 0xAA84, 0xF2C5, 0xF367, 0xF449, 0xFD2A, 0xFD8B, 0xFDAB, 0xFD8A, 0xFD8B,
    0xFD8A, 0xFDED, 0xFDCC, 0xFD0B, 0xF408, 0xF3C8, 0xFB88, 0xE2E6, 0x38C1, 0x0841, 0x0841, 0x0841,
    0x6A46, 0xB3EA, 0x1061, 0x0841, 0x0841, 0x0841, 0x0841, 0x0841, 0x0841, 0x0841, 0x0841, 0x0841,
    0x0841, 0x0841, 0x0841, 0x0841, 0x0841, 0x0841, 0x0841, 0x0841, 0x0841, 0x0841, 0x0841, 0x0841,
    0x0841, 0x0841, 0x0841, 0x0841, 0x0841, 0x0841, 0x0841, 0x0841, 0x0841, 0x0841, 0x0841, 0x0841,
    0x0841, 0x0841, 0x0841, 0x0841, 0x0841, 0x0841, 0x0841, 0x0841, 0x0841, 0x0841, 0x0841, 0x0841,
    0x0841, 0x0841, 0x0841, 0x0841, 0x0841, 0x0841, 0x1861, 0xA9C4, 0xEA46, 0xC9A4, 0xC984, 0xD184,
    0xD184, 0xD163, 0xD142, 0xD142, 0xD962, 0xD962, 0xD942, 0xD942, 0xE182, 0xEA44, 0xEB26, 0xEBE7,
    0xEC48, 0xE3C6, 0xEBA6, 0xEBA6, 0xE386, 0xDB86, 0xBB05, 0xA4AA, 0xBDAB, 0x8C68, 0x6386, 0x6366,
    0x5326, 0x73E8, 0x6B26, 0x5AA5, 0x4A84, 0x3A04, 0x6325, 0x9CA8, 0xA4E8, 0xA4A9, 0x4A65, 0x3A04,
    0x5A64, 0x8C48, 0x8C68, 0x9C89, 0x9469, 0xA50A, 0xD307, 0xD9A4, 0xC347, 0x8428, 0x6BA7, 0x7346,
    0x4A64, 0x4AA5, 0xC2A5, 0xFAA5, 0xEB05, 0xF366, 0xF3A7, 0xF428, 0xFD4A, 0xFDAB, 0xFE0D, 0xFE70,
    0xFEB2, 0xFEF3, 0xFEF4, 0xFE91, 0xFDEE, 0xF52C, 0xF409, 0xFB47, 0xEB07, 0x48E2, 0x0841, 0x0861,
    0x0841, 0x7A86, 0x6A25, 0x0841, 0x0841, 0x0841, 0x0841, 0x0841, 0x0841, 0x0841, 0x0841, 0x0841,
    0x0841, 0x0841, 0x0841, 0x0841, 0x0841, 0x0841, 0x0841, 0x0841, 0x0841, 0x0841, 0x0841, 0x0841,
    0x0841, 0x0841, 0x0841, 0x0841, 0x0841, 0x0841, 0x0841, 0x0841, 0x0841, 0x0841, 0x0841, 0x0841,
    0x0841, 0x0841, 0x0841, 0x0841, 0x0841, 0x0841, 0x0841, 0x0841, 0x0841, 0x0841, 0x0841, 0x0841,
    0x0841, 0x0841, 0x0841, 0x0841, 0x0841, 0x2861, 0xC205, 0xE225, 0xC984, 0xC984, 0xC964, 0xC943,
    0xC922, 0xC922, 0xD142, 0xD962, 0xD962, 0xD942, 0xD142, 0xD962, 0xE1C3, 0xE1A3, 0xD9E4, 0xE245,
    0xEB26, 0xF428, 0xDC28, 0xA366, 0x8BA7, 0x9408, 0xB4C9, 0xA469, 0xB54C, 0x8C48, 0x5B26, 0x52E5,
    0x5326, 0x6366, 0x8408, 0x5AA5, 0x4AA5, 0x52C5, 0x4A84, 0x8C47, 0xA509, 0xAD0A, 0x6B06, 0x41A3,
    0x6B05, 0x73C7, 0x73A7, 0x8428, 0x8CA9, 0xCD2D, 0xCA87, 0xAC08, 0x7C48, 0x8428, 0x9489, 0x6B26,
    0x3A24, 0xB285, 0xFAC5, 0xEAC5, 0xF325, 0xF386, 0xF427, 0xFCC8, 0xFD49, 0xFD49, 0xFD6B, 0xFD6B,
    0xFE50, 0xFF15, 0xFF57, 0xFEF4, 0xFE50, 0xFD6D, 0xFC6A, 0xF2E6, 0xFB27, 0xEAC6, 0x38C1, 0x0841,
    0x0841, 0x0841, 0x8AC7, 0x18A2, 0x0841, 0x0841, 0x0841, 0x0841, 0x0841, 0x0841, 0x0841, 0x0841,
    0x0841, 0x0841, 0x0841, 0x0841, 0x0841, 0x0841, 0x0841, 0x0841, 0x0841, 0x0841, 0x0841, 0x0841,
    0x0841, 0x0841, 0x0841, 0x0841, 0x0841, 0x0841, 0x0841, 0x0841, 0x0841, 0x0841, 0x0841, 0x0841,
    0x0841, 0x0841, 0x0841, 0x0841, 0x0841, 0x0841, 0x0841, 0x0841, 0x0841, 0x0841, 0x0841, 0x0841,
    0x0841, 0x0841, 0x0841, 0x0841, 0x3081, 0xCA25, 0xDA05, 0xC984, 0xC9A4, 0xC964, 0xC943, 0xC102,
    0xC901, 0xD121, 0xD142, 0xD983, 0xD983, 0xD9A3, 0xD9C4, 0xD9A3, 0xD9A3, 0xE183, 0xD983, 0xD9A4,
    0xD348, 0xAC8B, 0x5AE6, 0x52C5, 0x6B86, 0x8C27, 0xBDAB, 0xBDAC, 0xBD8C, 0xA4CA, 0x5AE6, 0x5B26,
    0x52E6, 0x5306, 0x5B06, 0x4A24, 0x52A5, 0x52C4, 0x4AA4, 0x7BC6, 0xA4E9, 0x9CE8, 0x9C69, 0x4A44,
    0x52C5, 0x52E6, 0x6387, 0x7C28, 0xA52B, 0xAC2A, 0x83C7, 0x8468, 0x9469, 0x9C89, 0x9C89, 0x5AE5,
    0x9244, 0xF2A4, 0xEAE5, 0xEB05, 0xF386, 0xF488, 0xFD09, 0xFD08, 0xFCE8, 0xFCE8, 0xFCC8, 0xFCA8,
    0xF4CA, 0xFE10, 0xFEB4, 0xFF38, 0xFD8E, 0xFC6A, 0xFC0A, 0xF2A6, 0xF2A6, 0xFAE6, 0xDAA5, 0x2061,
    0x0841, 0x0841, 0x3923, 0x4983, 0x0841, 0x0841, 0x0841, 0x0841, 0x0841, 0x0841, 0x0841, 0x0841,
    0x0841, 0x0841, 0x0841, 0x0841, 0x0841, 0x0841, 0x0841, 0x0841, 0x0841, 0x0841, 0x0841, 0x0841,
    0x0841, 0x0841, 0x0841, 0x0841, 0x0841, 0x0841, 0x0841, 0x0841, 0x0841, 0x0841, 0x0841, 0x0841,
    0x0841, 0x0841, 0x0841, 0x0841, 0x0841, 0x0841, 0x0841, 0x0841, 0x0841, 0x0841, 0x0841, 0x0841,
    0x0841, 0x0841, 0x0841, 0x2881, 0xD225, 0xD9E5, 0xC984, 0xD1A4, 0xC964, 0xC123, 0xC0E1, 0xC102,
    0xD1A4, 0xE225, 0xE266, 0xE2A7, 0xEAC7, 0xEAA7, 0xE2A7, 0xEA87, 0xEA25, 0xDAC7, 0xD3EA, 0xD56E,
    0x83C9, 0x3A03, 0x4AC5, 0x5B26, 0x6B25, 0x8BE7, 0xBD6C, 0xCDEE, 0xCE2E, 0xBD8C, 0x9C89, 0x6306,
    0x4AA5, 0x4AC5, 0x4A65, 0x41A3, 0x4A84, 0x5B05, 0x52C4, 0x5B05, 0x9CC8, 0x9CE8, 0xC5CC, 0x5AC6,
    0x4244, 0x52C6, 0x5306, 0x8428, 0x8C29, 0x73C7, 0x9488, 0x9CC9, 0xACEA, 0xB50B, 0x7387, 0x8A44,
    0xF2A4, 0xF325, 0xF345, 0xF345, 0xF385, 0xF3E6, 0xF407, 0xFC68, 0xF487, 0xFC88, 0xFC68, 0xFC27,
    0xF3A7, 0xFB86, 0xFB86, 0xFBE9, 0xFBA8, 0xFBC9, 0xFBC9, 0xEAA6, 0xE1E4, 0xEAA6, 0xFB27, 0xA9E4,
    0x0841, 0x0841, 0x0841, 0x30E2, 0x0841, 0x0841, 0x0841, 0x0841, 0x0841, 0x0841, 0x0841, 0x0841,
    0x0841, 0x0841, 0x0841, 0x0841, 0x0841, 0x0841, 0x0841, 0x0841, 0x0841, 0x0841, 0x0841, 0x0841,
    0x0841, 0x0841, 0x0841, 0x0841, 0x0841, 0x0841, 0x0841, 0x0841, 0x0841, 0x0841, 0x0841, 0x0841,
    0x0841, 0x0841, 0x0841, 0x0841, 0x0841, 0x0841, 0x0841, 0x0841, 0x0841, 0x0841, 0x0841, 0x0841,
    0x0841, 0x0841, 0x2061, 0xC205, 0xD9E5, 0xC9A4, 0xC984, 0xC123, 0xC123, 0xD1A4, 0xE246, 0xEAE7,
    0xF2E6, 0xF2A6, 0xF285, 0xF2C6, 0xF2E6, 0xF2C6, 0xF265, 0xEAA6, 0xC409, 0xBD8C, 0xC60E, 0x6B47,
    0x3A23, 0x4284, 0x5285, 0x4A85, 0x52A5, 0x6B26, 0x9448, 0xC58B, 0xD64E, 0xCE2E, 0xBDAC, 0x9CA9,
    0x7366, 0x5AC5, 0x4A24, 0x3183, 0x4AA5, 0x52E5, 0x5AE5, 0x52C5, 0x8427, 0xAD2A, 0xC60D, 0x9C6A,
    0x39C3, 0x52E6, 0x6326, 0x6B67, 0x73E7, 0x9489, 0xAD0A, 0xB54A, 0xB54B, 0x8C28, 0x9A43, 0xEA64,
    0xE2A4, 0xDA64, 0xDA65, 0xDA65, 0xE2A5, 0xEAC6, 0xEB06, 0xEB67, 0xEB67, 0xF3A8, 0xF3E8, 0xF408,
    0xFC08, 0xFB87, 0xF346, 0xFAE6, 0xF2C5, 0xF2A5, 0xF2C6, 0xF2E7, 0xE205, 0xE205, 0xE285, 0xFAE6,
    0x7142, 0x0841, 0x0841, 0x0841, 0x0841, 0x0841, 0x0841, 0x0841, 0x0841, 0x0841, 0x0841, 0x0841,
    0x0841, 0x0841, 0x0841, 0x0841, 0x0841, 0x0841, 0x0841, 0x0841, 0x0841, 0x0841, 0x0841, 0x0841,
    0x0841, 0x0841, 0x0841, 0x0841, 0x0841, 0x0841, 0x0841, 0x0841, 0x0841, 0x0841, 0x0841, 0x0841,
    0x0841, 0x0841, 0x0841, 0x0841, 0x0841, 0x0841, 0x0841, 0x0841, 0x0841, 0x0841, 0x0841, 0x0841,
    0x0841, 0x1040, 0xB1E4, 0xDA05, 0xC943, 0xC943, 0xC963, 0xDA05, 0xEAA6, 0xF2A6, 0xF245, 0xE9E3,
    0xE9C3, 0xF244, 0xF2A5, 0xF326, 0xF386, 0xF3A6, 0xEB67, 0xAC49, 0x9CC9, 0xA489, 0x8B88, 0x9265,
    0xA306, 0x8AC6, 0x7265, 0x5A44, 0x5AC5, 0x4AA5, 0x6305, 0x8407, 0x9C8A, 0xB54C, 0xCDED, 0xAD4B,
    0xAD2B, 0x8C48, 0x5265, 0x3143, 0x4264, 0x52E5, 0x52C5, 0x4AA4, 0x6386, 0xB58A, 0xAD6A, 0x9CC9,
    0x6AE5, 0x4A24, 0x41E3, 0x73A7, 0xAD0A, 0xC58D, 0xBD4C, 0xBD4C, 0x9429, 0xA224, 0xE244, 0xC9A3,
    0xC183, 0xC9A4, 0xC9A4, 0xD1E5, 0xD1E5, 0xD1E5, 0xD1E5, 0xD205, 0xD246, 0xDA46, 0xDA46, 0xDAA6,
    0xEB88, 0xF408, 0xF3A8, 0xF306, 0xF264, 0xF285, 0xF264, 0xF264, 0xE225, 0xD9E4, 0xD9E4, 0xEA86,
    0xEAA6, 0x28A1, 0x0841, 0x0841, 0x0841, 0x0841, 0x0841, 0x0841, 0x0841, 0x0841, 0x0841, 0x0841,
    0x0841, 0x0841, 0x0841, 0x0841, 0x0841, 0x0841, 0x0841, 0x0841, 0x0841, 0x0841, 0x0841, 0x0841,
    0x0841, 0x0841, 0x0841, 0x0841, 0x0841, 0x0841, 0x0841, 0x0841, 0x0841, 0x0841, 0x0841, 0x0841,
    0x0841, 0x0841, 0x0841, 0x0841, 0x0841, 0x0841, 0x0841, 0x0841, 0x0841, 0x0841, 0x0841, 0x0841,
    0x0841, 0x9984, 0xE1E5, 0xC943, 0xD9E4, 0xEA85, 0xF2C6, 0xF285, 0xF223, 0xE9C3, 0xE9A2, 0xE9C3,
    0xF2A5, 0xF366, 0xFBE7, 0xFC88, 0xF468, 0xFC67, 0xABC7, 0x83E7, 0x9427, 0x9C49, 0xDB46, 0xFBC7,
    0xFB66, 0xFB26, 0xEAC5, 0xDA84, 0xC2A5, 0xA327, 0x8387, 0x4A85, 0x4AC5, 0x6346, 0x7B87, 0xA4CA,
    0x9CA9, 0x6346, 0x4A85, 0x4245, 0x5B46, 0x52C5, 0x52E5, 0x5305, 0x5305, 0x7BC6, 0x8407, 0x8427,
    0x4A64, 0x3142, 0x5A65, 0xACEB, 0xCDEE, 0xD62F, 0xC5CC, 0xB58A, 0xA4EA, 0xBA87, 0xC164, 0xC184,
    0xC184, 0xC984, 0xC164, 0xC9A4, 0xC9C4, 0xD225, 0xD286, 0xDAA6, 0xDAE6, 0xDB27, 0xE328, 0xDAC6,
    0xE2A6, 0xEB48, 0xF3E9, 0xF4CD, 0xF347, 0xF244, 0xF244, 0xEA03, 0xEA04, 0xE1E4, 0xD9E4, 0xDA25,
    0xF2A6, 0xAA04, 0x0841, 0x0841, 0x0841, 0x0841, 0x0841, 0x0841, 0x0841, 0x0841, 0x0841, 0x0841,
    0x0841, 0x0841, 0x0841, 0x0841, 0x0841, 0x0841, 0x0841, 0x0841, 0x0841, 0x0841, 0x0841, 0x0841,
    0x0841, 0x0841, 0x0841, 0x0841, 0x0841, 0x0841, 0x0841, 0x0841, 0x0841, 0x0841, 0x0841, 0x0841,
    0x0841, 0x0841, 0x0841, 0x0841, 0x0841, 0x0841, 0x0841, 0x0841, 0x0841, 0x0841, 0x0841, 0x1841,
    0xA183, 0xE1E4, 0xE224, 0xF2E7, 0xFAE6, 0xF265, 0xEA04, 0xE9C3, 0xE9C3, 0xE9A3, 0xE9A3, 0xEA44,
    0xF3A7, 0xFC47, 0xFC48, 0xF407, 0xFC07, 0xE407, 0x7366, 0x7BA7, 0x9428, 0xCAC5, 0xF2A5, 0xE203,
    0xD9E3, 0xDA03, 0xE223, 0xE223, 0xD9C2, 0xC942, 0xC1A3, 0xAB07, 0x6245, 0x4264, 0x4284, 0x5AE5,
    0x8C29, 0x6B68, 0x3A45, 0x3A04, 0x52E6, 0x5B26, 0x4AA5, 0x52A5, 0x7387, 0x8BE7, 0x8407, 0x6326,
    0x6B88, 0xAD0C, 0xD60F, 0xCE0E, 0xBD6B, 0xAD0A, 0xA50A, 0xAD2A, 0x9CC9, 0x9C29, 0xB964, 0xC123,
    0xC983, 0xCA24, 0xDAE6, 0xE366, 0xEBA7, 0xF3A7, 0xF3A6, 0xFCA9, 0xFDCC, 0xFDCC, 0xFDEC, 0xFDCC,
    0xF52B, 0xF50B, 0xF4CA, 0xFC6A, 0xF3A8, 0xF285, 0xF224, 0xF244, 0xEA44, 0xEA24, 0xD9E4, 0xDA05,
    0xD9E4, 0xF2C6, 0x5902, 0x0841, 0x0841, 0x0841, 0x0841, 0x0841, 0x0841, 0x0841, 0x0841, 0x0841,
    0x0841, 0x0841, 0x0841, 0x0841, 0x0841, 0x0841, 0x0841, 0x0841, 0x0841, 0x0841, 0x0841, 0x0841,
    0x0841, 0x0841, 0x0841, 0x0841, 0x0841, 0x0841, 0x0841, 0x0841, 0x0841, 0x0841, 0x0841, 0x0841,
    0x0841, 0x0841, 0x0841, 0x0841, 0x0841, 0x0841, 0x0841, 0x0841, 0x0841, 0x0841, 0x3881, 0xCA25,
    0xFAC6, 0xF307, 0xF307, 0xEA24, 0xE9A2, 0xE182, 0xE182, 0xE9A3, 0xE162, 0xE983, 0xEA45, 0xF388,
    0xFC08, 0xF346, 0xF2A5, 0xEA84, 0xFA64, 0x92E5, 0x6345, 0x9449, 0xC245, 0xE183, 0xD162, 0xD142,
    0xD122, 0xC902, 0xC102, 0xC101, 0xB922, 0xB922, 0xB0C1, 0xA081, 0x98A1, 0x60C1, 0x51C3, 0x39E4,
    0x39E3, 0x83C9, 0x840A, 0x5AE6, 0x5B06, 0x8C29, 0x946A, 0x7B86, 0x83C7, 0xAD2B, 0xA4CB, 0x6B07,
    0x7B88, 0xA48C, 0xB50C, 0xBD8C, 0xC5CC, 0xBDAC, 0xAD0A, 0x9448, 0x9428, 0x83E7, 0xB307, 0xDA85,
    0xEBA6, 0xF447, 0xFC07, 0xFB86, 0xFB24, 0xF2E4, 0xF2C4, 0xF305, 0xF407, 0xFCE9, 0xFD6B, 0xFDAC,
    0xFDED, 0xFDCC, 0xFDCC, 0xFE2E, 0xFDEE, 0xF54C, 0xF449, 0xF2C6, 0xEA24, 0xEA45, 0xE225, 0xE205,
    0xDA05, 0xE225, 0xDAA6, 0x2881, 0x0841, 0x0841, 0x0841, 0x0841, 0x0841, 0x0841, 0x0841, 0x0841,
    0x0841, 0x0841, 0x0841, 0x0841, 0x0841, 0x0841, 0x0841, 0x0841, 0x0841, 0x0841, 0x0841, 0x0841,
    0x0841, 0x0841, 0x0841, 0x0841, 0x0841, 0x0841, 0x0841, 0x0841, 0x0841, 0x0841, 0x0841, 0x0841,
    0x0841, 0x0841, 0x0841, 0x0841, 0x0841, 0x0841, 0x0841, 0x0841, 0x0841, 0x5902, 0xEB08, 0xFB69,
    0xF2E7, 0xEA44, 0xE1A2, 0xE162, 0xE182, 0xE162, 0xE9A3, 0xE162, 0xE1A3, 0xEA45, 0xEA66, 0xEAA6,
    0xEA24, 0xE9E3, 0xEA04, 0xF204, 0xCA85, 0x6325, 0x83E7, 0xC2C6, 0xEA24, 0xEA44, 0xEA24, 0xE225,
    0xE2A6, 0xE286, 0xD1C4, 0xC122, 0xB922, 0xB922, 0xB923, 0xB123, 0xB0E2, 0xB0E2, 0x88A1, 0x70E2,
    0x4902, 0x4A05, 0xBD8C, 0xC5EC, 0xD62E, 0xC5AC, 0xBD8B, 0xBDAC, 0xD64E, 0xC56E, 0x5AC5, 0x52A5,
    0x4AA5, 0x3A03, 0x41E3, 0x4A24, 0x72E5, 0x93C7, 0x9CA9, 0xA50A, 0x9C89, 0x8BA7, 0x9408, 0xE386,
    0xF304, 0xEAA4, 0xF263, 0xF263, 0xF263, 0xF2A4, 0xF2A4, 0xF2C4, 0xF2E5, 0xFB25, 0xFBA7, 0xFC89,
    0xF50B, 0xF5CD, 0xF60D, 0xFDED, 0xFE2F, 0xFE91, 0xFE91, 0xFE0F, 0xF42A, 0xEA64, 0xEA04, 0xEA25,
    0xE225, 0xDA05, 0xEA86, 0xCA65, 0x1861, 0x0841, 0x0841, 0x0841, 0x0841, 0x0841, 0x0841, 0x0841,
    0x0841, 0x0841, 0x0841, 0x0841, 0x0841, 0x0841, 0x0841, 0x0841, 0x0841, 0x0841, 0x0841, 0x0841,
    0x0841, 0x0841, 0x0841, 0x0841, 0x0841, 0x0841, 0x0841, 0x0841, 0x0841, 0x0841, 0x0841, 0x0841,
    0x0841, 0x0841, 0x0841, 0x0841, 0x0841, 0x0841, 0x0841, 0x0841, 0x7963, 0xFBCA, 0xF3CA, 0xF285,
    0xE9C3, 0xE162, 0xE162, 0xE162, 0xD962, 0xD962, 0xE162, 0xE9C4, 0xEA46, 0xE1C4, 0xE183, 0xE163,
    0xE9E3, 0xEA23, 0xF264, 0xE2A5, 0x7B66, 0x7BC7, 0xCB47, 0xFAE6, 0xF306, 0xF2A5, 0xF265, 0xEA24,
    0xD9A3, 0xD142, 0xC101, 0xC102, 0xB902, 0xB0E2, 0xB0E2, 0xB902, 0xA8E2, 0x98C1, 0xA0C1, 0x90C2,
    0x8081, 0x8B68, 0xBDAB, 0xB56A, 0xAD0A, 0xBD6B, 0xC5EC, 0xD64F, 0xA4CD, 0x4A44, 0x5B06, 0x52E6,
    0x4A85, 0x4265, 0x3183, 0x6163, 0xA162, 0xCA43, 0xC364, 0xAB86, 0x9BC7, 0x9C89, 0x8C08, 0x9B67,
    0xEA64, 0xF223, 0xEA64, 0xF284, 0xF2A4, 0xF2A4, 0xF2E4, 0xF345, 0xF365, 0xF366, 0xFB87, 0xFBA7,
    0xF3A7, 0xF428, 0xFD8D, 0xFE71, 0xFE4F, 0xFE0E, 0xFE50, 0xFE92, 0xFEB2, 0xFD8E, 0xF367, 0xEA24,
    0xEA04, 0xE245, 0xDA05, 0xF286, 0xC204, 0x1041, 0x0841, 0x0841, 0x0841, 0x0841, 0x0841, 0x0841,
    0x0841, 0x0841, 0x0841, 0x0841, 0x0841, 0x0841, 0x0841, 0x0841, 0x0841, 0x0841, 0x0841, 0x0841,
    0x0841, 0x0841, 0x0841, 0x0841, 0x0841, 0x0841, 0x0841, 0x0841, 0x0841, 0x0841, 0x0841, 0x0841,
    0x0841, 0x0841, 0x0841, 0x0841, 0x0841, 0x0841, 0x0841, 0x89A4, 0xFBEB, 0xF3CB, 0xEA24, 0xE9C3,
    0xE182, 0xE162, 0xD942, 0xE162, 0xD962, 0xD942, 0xE226, 0xE205, 0xD983, 0xE183, 0xE1C3, 0xEA23,
    0xF2A4, 0xFAC4, 0xF366, 0x93E8, 0x7BC7, 0xC347, 0xFB27, 0xF327, 0xF327, 0xEA65, 0xD982, 0xD122,
    0xD101, 0xC902, 0xC163, 0xC9C4, 0xD225, 0xDAA7, 0xDAA6, 0xDA25, 0xDA04, 0xD1A3, 0xC142, 0xB122,
    0xA102, 0x9C28, 0x94A9, 0x8C28, 0x9428, 0xA4E9, 0xCE0D, 0x940A, 0x3A04, 0x52E6, 0x4245, 0x31C4,
    0x3183, 0x4922, 0x90E2, 0xB942, 0xE283, 0xEB44, 0xEB24, 0xEAE3, 0xE2C3, 0xC283, 0x9AE5, 0x8366,
    0x9B67, 0xE2A4, 0xFA84, 0xF284, 0xF2A4, 0xF2C4, 0xF366, 0xFBE6, 0xF407, 0xFC07, 0xFC07, 0xFC28,
    0xFCCA, 0xFD2B, 0xFD2C, 0xFDCD, 0xFED2, 0xFEF5, 0xFEB2, 0xF650, 0xFE2F, 0xFE71, 0xFE0F, 0xF429,
    0xF2C5, 0xE9E4, 0xE1E4, 0xE1E4, 0xFA86, 0xA9C4, 0x0841, 0x0841, 0x0841, 0x0841, 0x0841, 0x0841,
    0x0841, 0x0841, 0x0841, 0x0841, 0x0841, 0x0841, 0x0841, 0x0841, 0x0841, 0x0841, 0x0841, 0x0841,
    0x0841, 0x0841, 0x0841, 0x0841, 0x0841, 0x0841, 0x0841, 0x0841, 0x0841, 0x0841, 0x0841, 0x0841,
    0x0841, 0x0841, 0x0841, 0x0841, 0x0841, 0x0841, 0x7963, 0xFBEB, 0xEB8A, 0xEA25, 0xE9C3, 0xE182,
    0xD942, 0xD921, 0xE183, 0xD983, 0xD102, 0xD143, 0xD9A4, 0xD963, 0xE1A3, 0xE9C3, 0xFA63, 0xFAC4,
    0xFB05, 0xE3A7, 0x9408, 0x8B87, 0xD368, 0xFBEA, 0xF46B, 0xFCCD, 0xEAA6, 0xD962, 0xD962, 0xD142,
    0xD9E5, 0xDA46, 0xE246, 0xEA65, 0xF286, 0xF348, 0xF327, 0xF285, 0xEA24, 0xEA03, 0xEA23, 0xEA43,
    0xD1E3, 0x93E8, 0x8C48, 0x83A7, 0x83E7, 0x9C88, 0xACEC, 0x39A4, 0x31C4, 0x31A4, 0x3943, 0x5102,
    0x8122, 0xB122, 0xC182, 0xDA83, 0xEAA3, 0xEAA3, 0xEA83, 0xEAA4, 0xEA43, 0xF222, 0xF263, 0xD283,
    0xA326, 0x9B67, 0xDB06, 0xFB25, 0xF345, 0xF345, 0xF386, 0xF366, 0xF3C6, 0xF408, 0xF468, 0xF4A9,
    0xFCE9, 0xFD4B, 0xFDED, 0xFEB1, 0xFEB2, 0xFF15, 0xFF78, 0xFF37, 0xFE92, 0xFE0E, 0xFE2F, 0xFE0E,
    0xFC49, 0xF306, 0xEA44, 0xE9A3, 0xE204, 0xFAA6, 0x8942, 0x0841, 0x0841, 0x0841, 0x0841, 0x0841,
    0x0841, 0x0841, 0x0841, 0x0841, 0x0841, 0x0841, 0x0841, 0x0841, 0x0841, 0x0841, 0x0841, 0x0841,
    0x0841, 0x0841, 0x0841, 0x0841, 0x0841, 0x0841, 0x0841, 0x0841, 0x0841, 0x0841, 0x0841, 0x0841,
    0x0841, 0x0841, 0x0841, 0x0841, 0x0841, 0x5902, 0xFB8A, 0xEB29, 0xE204, 0xD962, 0xD982, 0xE183,
    0xD962, 0xD962, 0xD9A4, 0xC923, 0xC923, 0xD122, 0xD943, 0xE183, 0xF203, 0xEAA4, 0xDB26, 0xE387,
    0xC3C8, 0x9C09, 0xBB88, 0xF389, 0xFC4B, 0xF52E, 0xF52F, 0xEA86, 0xD942, 0xD962, 0xD183, 0xE246,
    0xE205, 0xE9A3, 0xE9C2, 0xE9C2, 0xEA03, 0xF264, 0xF284, 0xF2C5, 0xF306, 0xF2A5, 0xF284, 0xEA84,
    0xEA44, 0x8B46, 0x73A7, 0x7346, 0x7BC6, 0xB52C, 0x61A4, 0x48A1, 0x60E2, 0x70C2, 0x90C2, 0xB102,
    0xB922, 0xB122, 0xB963, 0xC162, 0xC9A2, 0xDA03, 0xE243, 0xEA63, 0xEAA4, 0xEB04, 0xEB45, 0xFBA6,
    0xFBA5, 0xBB25, 0x9BA8, 0xE3C7, 0xFBE6, 0xF426, 0xF427, 0xF407, 0xF3E6, 0xFBC7, 0xF407, 0xFC68,
    0xFC89, 0xFC68, 0xFC48, 0xFD6C, 0xFE71, 0xFE91, 0xFEF4, 0xFF78, 0xFF58, 0xFE92, 0xFE0E, 0xFE0D,
    0xFD8D, 0xFC09, 0xF347, 0xF326, 0xEA24, 0xEA24, 0xFA85, 0x6102, 0x0841, 0x0841, 0x0841, 0x0841,
    0x0841, 0x0841, 0x0841, 0x0841, 0x0841, 0x0841, 0x0841, 0x0841, 0x0841, 0x0841, 0x0841, 0x0841,
    0x0841, 0x0841, 0x0841, 0x0841, 0x0841, 0x0841, 0x0841, 0x0841, 0x0841, 0x0841, 0x0841, 0x0841,
    0x0841, 0x0841, 0x0841, 0x0841, 0x3081, 0xEAE8, 0xEAE8, 0xE204, 0xD962, 0xD942, 0xD983, 0xD9A3,
    0xD983, 0xD983, 0xD1C5, 0xC923, 0xD102, 0xD942, 0xE182, 0xEA23, 0xF284, 0xEB26, 0xAB07, 0xBB89,
    0xD368, 0xF348, 0xFB68, 0xF44B, 0xF50E, 0xFD4F, 0xEAC7, 0xE162, 0xD983, 0xD9C4, 0xEA04, 0xE9E3,
    0xE9A2, 0xE9A2, 0xE9E3, 0xF264, 0xF2C5, 0xF306, 0xF347, 0xF367, 0xF387, 0xF347, 0xF2E6, 0xF284,
    0xE244, 0x8306, 0x6B66, 0x6B45, 0x948A, 0xAB47, 0xB1A1, 0xC1E2, 0xD202, 0xC9C2, 0xCA02, 0xCA23,
    0xC9E2, 0xC182, 0xB942, 0xB922, 0xB943, 0xC143, 0xC963, 0xD9A3, 0xEA84, 0xF3E6, 0xFC27, 0xF447,
    0xF447, 0xFC06, 0xCB46, 0xBC0A, 0xEC07, 0xFC46, 0xFC87, 0xF467, 0xF467, 0xF448, 0xFC08, 0xFC48,
    0xFC49, 0xFC49, 0xF4CC, 0xFC49, 0xFD2C, 0xFE70, 0xFE4F, 0xFED4, 0xFF37, 0xFF36, 0xFE50, 0xFE2E,
    0xFDED, 0xF4AB, 0xF3A8, 0xF409, 0xF48A, 0xEAC5, 0xEA24, 0xEA65, 0x38A1, 0x0841, 0x0841, 0x0841,
    0x0841, 0x0841, 0x0841, 0x0841, 0x0841, 0x0841, 0x0841, 0x0841, 0x0841, 0x0841, 0x0841, 0x0841,
    0x0841, 0x0841, 0x0841, 0x0841, 0x0841, 0x0841, 0x0841, 0x0841, 0x0841, 0x0841, 0x0841, 0x0841,
    0x0841, 0x0841, 0x0841, 0x0841, 0xBA05, 0xEAA7, 0xD9E4, 0xD9A3, 0xD942, 0xD962, 0xD983, 0xD9A3,
    0xD163, 0xD1E5, 0xD1A5, 0xD122, 0xD922, 0xE982, 0xF203, 0xF203, 0xF2A4, 0xFB26, 0xFB47, 0xF2E7,
    0xFAE7, 0xF307, 0xF3CA, 0xF48C, 0xFD0E, 0xF368, 0xE162, 0xE1C4, 0xE1E4, 0xE9C3, 0xE9A2, 0xE9C2,
    0xF203, 0xF244, 0xF2A5, 0xF2C5, 0xF306, 0xFB67, 0xFBE9, 0xFCAC, 0xF4AD, 0xF3C9, 0xF2C6, 0xEA24,
    0xD224, 0x7366, 0x6B46, 0x7C07, 0xB428, 0xEBA5, 0xFC26, 0xF405, 0xF406, 0xF3E5, 0xF3E5, 0xF425,
    0xF446, 0xF406, 0xEB44, 0xE283, 0xDA43, 0xDA44, 0xD9E3, 0xD9C3, 0xE1E4, 0xF2E5, 0xF3E6, 0xF427,
    0xF447, 0xF427, 0xFBC6, 0xD387, 0xD44B, 0xF406, 0xFC47, 0xFC47, 0xFC47, 0xF427, 0xF427, 0xF408,
    0xF449, 0xFC49, 0xFE95, 0xFEF7, 0xFDAF, 0xFE0F, 0xF62F, 0xFE2E, 0xFE2F, 0xFEB3, 0xFE71, 0xFDCD,
    0xFDED, 0xF50B, 0xF44A, 0xF3A8, 0xFCCB, 0xFCEB, 0xEAE6, 0xFA65, 0xC1E4, 0x0841, 0x0841, 0x0841,
    0x0841, 0x0841, 0x0841, 0x0841, 0x0841, 0x0841, 0x0841, 0x0841, 0x0841, 0x0841, 0x0841, 0x0841,
    0x0841, 0x0841, 0x0841, 0x0841, 0x0841, 0x0841, 0x0841, 0x0841, 0x0841, 0x0841, 0x0841, 0x0841,
    0x0841, 0x0841, 0x0841, 0x6943, 0xF2A7, 0xD9E4, 0xD9A3, 0xD142, 0xD962, 0xD962, 0xD963, 0xD984,
    0xD9A5, 0xD9E5, 0xD984, 0xD922, 0xE982, 0xE9E3, 0xE9C2, 0xE9E3, 0xFAE6, 0xF2C6, 0xF286, 0xF245,
    0xF2E7, 0xF328, 0xF3EA, 0xFC4B, 0xF3C9, 0xE9C3, 0xE9C3, 0xEA04, 0xE9A2, 0xE9C2, 0xEA03, 0xF244,
    0xFAE5, 0xFB06, 0xF306, 0xF2E5, 0xFB88, 0xF46B, 0xF550, 0xF5B2, 0xF4EE, 0xF307, 0xE223, 0xE9E3,
    0xAAE5, 0x7386, 0x73A7, 0xA408, 0xEC69, 0xFCE9, 0xF487, 0xF488, 0xF467, 0xF4EA, 0xFDAD, 0xF488,
    0xF467, 0xF487, 0xF4E8, 0xF4A7, 0xF3C5, 0xF324, 0xF2E4, 0xF2E4, 0xF2A4, 0xF285, 0xF2A4, 0xF325,
    0xF3C6, 0xF406, 0xFC07, 0xEB86, 0xC3A9, 0xEC48, 0xFCA8, 0xF4E9, 0xFCA8, 0xF447, 0xF427, 0xF3C7,
    0xF428, 0xFC4A, 0xFD6F, 0xFF9A, 0xF674, 0xFCEC, 0xFDAF, 0xFDAE, 0xFDEE, 0xFE0E, 0xF62F, 0xF5CD,
    0xFD8C, 0xF4AA, 0xF44A, 0xF3E9, 0xFB67, 0xFC8A, 0xFCAA, 0xF2E6, 0xFA85, 0x7942, 0x0841, 0x0841,
    0x0841, 0x0841, 0x0841, 0x0841, 0x0841, 0x0841, 0x0841, 0x0841, 0x0841, 0x0841, 0x0841, 0x0841,
    0x0841, 0x0841, 0x0841, 0x0841, 0x0841, 0x0841, 0x0841, 0x0841, 0x0841, 0x0841, 0x0841, 0x0841,
    0x0841, 0x0841, 0x2061, 0xDA66, 0xD9E5, 0xD9A4, 0xD162, 0xD122, 0xD942, 0xD962, 0xD163, 0xD9A4,
    0xD9A4, 0xE1C4, 0xD962, 0xE9A3, 0xF224, 0xE9E3, 0xE9A2, 0xF224, 0xF245, 0xEA04, 0xEA05, 0xF266,
    0xF308, 0xF348, 0xF3A9, 0xF388, 0xEA45, 0xE9E4, 0xE9E3, 0xE9A2, 0xF203, 0xF263, 0xF263, 0xFAC4,
    0xFAE5, 0xFAC5, 0xF2E5, 0xF346, 0xF40A, 0xF570, 0xF614, 0xFDF3, 0xF389, 0xEA03, 0xE9E3, 0xD204,
    0x9407, 0x7BE7, 0x93E7, 0xDC6A, 0xFCEA, 0xF3A6, 0xF386, 0xF3C7, 0xF427, 0xF4A9, 0xF50A, 0xF427,
    0xF427, 0xF4C8, 0xFD29, 0xF529, 0xF529, 0xF467, 0xF345, 0xF324, 0xF305, 0xF2C5, 0xF2A4, 0xF2A5,
    0xF346, 0xF3A6, 0xFBC6, 0xEBA6, 0xAB06, 0xEBA6, 0xFC67, 0xF56A, 0xFD6A, 0xFD4A, 0xFCE9, 0xF448,
    0xFC08, 0xFC6A, 0xFCAB, 0xFD2E, 0xFD2F, 0xF42A, 0xFBC9, 0xF48B, 0xFDAD, 0xFDCD, 0xF5CD, 0xFDAD,
    0xFD6C, 0xF3E8, 0xF409, 0xFC09, 0xFBA8, 0xFB87, 0xFC49, 0xF3C8, 0xF2A5, 0xEA44, 0x2881, 0x0841,
    0x0841, 0x0841, 0x0841, 0x0841, 0x0841, 0x0841, 0x0841, 0x0841, 0x0841, 0x0841, 0x0841, 0x0841,
    0x0841, 0x0841, 0x0841, 0x0841, 0x0841, 0x0841, 0x0841, 0x0841, 0x0841, 0x0841, 0x0841, 0x0841,
    0x0841, 0x0841, 0x9184, 0xE246, 0xC943, 0xD183, 0xD122, 0xD122, 0xD142, 0xD163, 0xD1C5, 0xD9A4,
    0xE1C5, 0xD963, 0xD921, 0xF224, 0xF224, 0xE9A2, 0xE9C3, 0xEA05, 0xE9E4, 0xEA05, 0xF286, 0xF2E7,
    0xEA66, 0xF266, 0xF2E6, 0xEA45, 0xE9C4, 0xE9E4, 0xE9C3, 0xF223, 0xFAA4, 0xFAA4, 0xFAA4, 0xF2A4,
    0xF264, 0xF2C4, 0xF2E5, 0xFB67, 0xF46C, 0xF5D2, 0xFE14, 0xF3EB, 0xEA03, 0xEA44, 0xD9A3, 0xB368,
    0x9CA9, 0x8BA7, 0xD409, 0xFD0C, 0xF325, 0xF326, 0xF2C5, 0xF2C5, 0xFB25, 0xF3C6, 0xFC07, 0xF3C6,
    0xFBA6, 0xFC27, 0xF4C8, 0xF4C8, 0xF4E8, 0xFD29, 0xF487, 0xF3A5, 0xF345, 0xF305, 0xF2C5, 0xF2E5,
    0xF305, 0xF365, 0xFBA6, 0xCB87, 0xC367, 0xFB85, 0xF345, 0xF467, 0xF529, 0xFD4A, 0xFD4A, 0xFD6C,
    0xFD2D, 0xFCAB, 0xFC8B, 0xFC6B, 0xFC2A, 0xEC4A, 0xEC09, 0xFB68, 0xF48A, 0xFDCE, 0xFD8D, 0xFDAD,
    0xF4CB, 0xF3A8, 0xFBC8, 0xFBC8, 0xF3E8, 0xF3A8, 0xF388, 0xF3C8, 0xF367, 0xFAE6, 0x99A3, 0x0841,
    0x0841, 0x0841, 0x0841, 0x0841, 0x0841, 0x0841, 0x0841, 0x0841, 0x0841, 0x0841, 0x0841, 0x0841,
    0x0841, 0x0841, 0x0841, 0x0841, 0x0841, 0x0841, 0x0841, 0x0841, 0x0841, 0x0841, 0x0841, 0x0841,
    0x0841, 0x3081, 0xDA46, 0xD1E5, 0xC122, 0xC943, 0xD122, 0xD142, 0xD163, 0xD206, 0xD9C5, 0xD9C5,
    0xD983, 0xD0E1, 0xD901, 0xE1A3, 0xE9C3, 0xE9C3, 0xEA25, 0xEA25, 0xEA25, 0xEA25, 0xF2A7, 0xF266,
    0xEA05, 0xEA45, 0xEA05, 0xE9E4, 0xE9E4, 0xEA03, 0xF223, 0xFA83, 0xF283, 0xF2A4, 0xFAE4, 0xF284,
    0xF263, 0xF2A4, 0xF2C4, 0xF368, 0xF4AD, 0xFD71, 0xF42C, 0xEA24, 0xEA24, 0xE1A3, 0xBA05, 0xC56C,
    0xB48A, 0xC2E5, 0xFC49, 0xF325, 0xF306, 0xF2C5, 0xF2A5, 0xF2A5, 0xF2A5, 0xF305, 0xF3C6, 0xFBA6,
    0xF366, 0xF366, 0xF407, 0xF488, 0xFCC8, 0xF4E8, 0xF4E8, 0xF487, 0xF447, 0xF3A5, 0xF345, 0xF325,
    0xF2E5, 0xF305, 0xFBA6, 0xFBC6, 0xFB86, 0xF366, 0xF346, 0xF365, 0xFC88, 0xFCE9, 0xFCC9, 0xFDAC,
    0xF651, 0xFE53, 0xF5B1, 0xF40A, 0xF368, 0xFB68, 0xE3C8, 0xEC29, 0xFB47, 0xF46A, 0xFD8D, 0xF3C8,
    0xF306, 0xF387, 0xFB67, 0xFB67, 0xFBC8, 0xFBC8, 0xF3A8, 0xF387, 0xF3A8, 0xF367, 0xF285, 0x38A1,
    0x0841, 0x0841, 0x0841, 0x0841, 0x0841, 0x0841, 0x0841, 0x0841, 0x0841, 0x0841, 0x0841, 0x0841,
    0x0841, 0x0841, 0x0841, 0x0841, 0x0841, 0x0841, 0x0841, 0x0841, 0x0841, 0x0841, 0x0841, 0x0841,
    0x0841, 0x9184, 0xE287, 0xC163, 0xC102, 0xC922, 0xC922, 0xD163, 0xD206, 0xDA27, 0xD9E6, 0xD9A4,
    0xD0E1, 0xD0C1, 0xD101, 0xD963, 0xE183, 0xEA45, 0xEA46, 0xF246, 0xF246, 0xF266, 0xF246, 0xEA25,
    0xEA25, 0xE9E4, 0xEA25, 0xF244, 0xF203, 0xF203, 0xF243, 0xF284, 0xF283, 0xF243, 0xF202, 0xF223,
    0xF263, 0xF264, 0xF2A4, 0xF389, 0xF4EF, 0xF46C, 0xF245, 0xEA24, 0xEA04, 0xD122, 0xB388, 0xB58C,
    0xB346, 0xF367, 0xFB65, 0xF325, 0xFB06, 0xF264, 0xF264, 0xF285, 0xF285, 0xF285, 0xFB86, 0xFB66,
    0xF366, 0xF345, 0xFB65, 0xFBA6, 0xFC27, 0xF4A8, 0xFD09, 0xFD49, 0xFD6A, 0xFD29, 0xFC47, 0xF3A6,
    0xF305, 0xF2A4, 0xF2E5, 0xF3A6, 0xF366, 0xFB66, 0xFBA6, 0xF3C6, 0xFC47, 0xFCE9, 0xFCC9, 0xF4E9,
    0xF5AE, 0xFEB5, 0xFF38, 0xFDF3, 0xF388, 0xFAE6, 0xF2E6, 0xDBC7, 0xEBA8, 0xFB27, 0xFB87, 0xF2A5,
    0xF2A5, 0xF2A4, 0xF264, 0xFAA5, 0xFB47, 0xFBA8, 0xF387, 0xF3A8, 0xF367, 0xF387, 0xFB88, 0xA1C3,
    0x0841, 0x0841, 0x0841, 0x0841, 0x0841, 0x0841, 0x0841, 0x0841, 0x0841, 0x0841, 0x0841, 0x0841,
    0x0841, 0x0841, 0x0841, 0x0841, 0x0841, 0x0841, 0x0841, 0x0841, 0x0841, 0x0841, 0x0841, 0x0841,
    0x2061, 0xD246, 0xD1E6, 0xB923, 0xC123, 0xC122, 0xC943, 0xD1A5, 0xDA88, 0xDA26, 0xD9C5, 0xD122,
    0xC8E1, 0xD101, 0xD963, 0xD963, 0xE1E4, 0xEA66, 0xEA46, 0xEA46, 0xF349, 0xF2C8, 0xF245, 0xF266,
    0xEA04, 0xF245, 0xF2E6, 0xF244, 0xE9E3, 0xE9E3, 0xF223, 0xF264, 0xF223, 0xF1E3, 0xF223, 0xF223,
    0xF264, 0xF284, 0xF2E6, 0xF42B, 0xF48D, 0xF2A7, 0xEA24, 0xEA24, 0xD163, 0xD9E4, 0xCCCB, 0xA4CB,
    0xD284, 0xFB46, 0xF325, 0xF306, 0xF2A5, 0xF224, 0xF244, 0xF2A5, 0xF285, 0xF285, 0xF346, 0xFB66,
    0xFB86, 0xFBA6, 0xF365, 0xF345, 0xF3C6, 0xF468, 0xFD4A, 0xFD8A, 0xFDAA, 0xFDAA, 0xFD8A, 0xFCC8,
    0xFC27, 0xF386, 0xF2E5, 0xF345, 0xF3C6, 0xF3A6, 0xF3E6, 0xF427, 0xF468, 0xFD0A, 0xFCEA, 0xFCA8,
    0xFD6B, 0xFE73, 0xFEB6, 0xFF18, 0xF591, 0xF2C5, 0xFAE6, 0xEAA5, 0xCBA7, 0xF367, 0xF2C5, 0xF2A5,
    0xF264, 0xF223, 0xF244, 0xF244, 0xFB26, 0xFB67, 0xF326, 0xF367, 0xF387, 0xF387, 0xF3A8, 0xEB27,
    0x2881, 0x0841, 0x0841, 0x0841, 0x0841, 0x0841, 0x0841, 0x0841, 0x0841, 0x0841, 0x0841, 0x0841,
    0x0841, 0x0841, 0x0841, 0x0841, 0x0841, 0x0841, 0x0841, 0x0841, 0x0841, 0x0841, 0x0841, 0x0841,
    0x6902, 0xDA47, 0xB923, 0xC144, 0xC164, 0xC143, 0xC985, 0xDA68, 0xDA68, 0xDA06, 0xC964, 0xC8E1,
    0xC8E1, 0xD142, 0xD9A4, 0xD9A4, 0xEA25, 0xEA66, 0xEA05, 0xDA46, 0xF349, 0xF266, 0xF266, 0xF245,
    0xF285, 0xF2C6, 0xF245, 0xE9E3, 0xE9E3, 0xE9E3, 0xF223, 0xEA03, 0xE9E3, 0xE9E3, 0xF203, 0xF203,
    0xF284, 0xF2E6, 0xF388, 0xF42B, 0xF369, 0xF2A6, 0xEA24, 0xE1C4, 0xD183, 0xEA64, 0xBCAB, 0xBC49,
    0xF283, 0xF2E5, 0xF2C6, 0xF2A6, 0xF285, 0xF244, 0xF244, 0xF265, 0xFA85, 0xFAA6, 0xF306, 0xFBA7,
    0xFBC7, 0xFBC7, 0xF365, 0xF365, 0xF3E6, 0xFC68, 0xF5AC, 0xF5ED, 0xFDCB, 0xFDCB, 0xFDCB, 0xFD8B,
    0xF54A, 0xFD2A, 0xFC88, 0xF3A6, 0xFBC7, 0xF3E7, 0xF3E7, 0xF407, 0xF427, 0xF4E9, 0xFD6C, 0xFD2A,
    0xFD09, 0xFDAD, 0xFE95, 0xFEB6, 0xFE95, 0xFC6C, 0xF285, 0xFAC5, 0xD2A4, 0xC3C7, 0xF347, 0xF264,
    0xF244, 0xF203, 0xF223, 0xF223, 0xF2A5, 0xF367, 0xF306, 0xF326, 0xF367, 0xF367, 0xF3A8, 0xFBE9,
    0x8183, 0x0841, 0x0841, 0x0841, 0x0841, 0x0841, 0x0841, 0x0841, 0x0841, 0x0841, 0x0841, 0x0841,
    0x0841, 0x0841, 0x0841, 0x0841, 0x0841, 0x0841, 0x0841, 0x0841, 0x0841, 0x0841, 0x0841, 0x0841,
    0xA9C5, 0xD1E6, 0xB903, 0xC164, 0xC164, 0xC964, 0xD227, 0xDAA8, 0xD227, 0xD1E6, 0xC902, 0xC8C1,
    0xD0E2, 0xD984, 0xD9A4, 0xE1E5, 0xEA46, 0xEA46, 0xEA25, 0xD9C4, 0xE205, 0xF266, 0xF286, 0xF245,
    0xEA04, 0xE9E4, 0xE9E4, 0xE9E4, 0xE9C3, 0xEA04, 0xE9C3, 0xE9C3, 0xE9C3, 0xE9E3, 0xE982, 0xF1E3,
    0xF2C5, 0xF306, 0xFBA8, 0xF389, 0xF4F0, 0xF2C7, 0xE9C4, 0xD9A3, 0xEA24, 0xEA44, 0xAC09, 0xCB87,
    0xFB06, 0xF285, 0xF204, 0xF1E4, 0xF224, 0xF285, 0xF224, 0xF224, 0xFAE6, 0xFAC6, 0xF2C6, 0xFBC7,
    0xF3A7, 0xFB87, 0xFBA6, 0xFBE7, 0xF427, 0xF488, 0xF5CD, 0xFE91, 0xFE71, 0xFDEC, 0xFD8A, 0xF5AC,
    0xFDEE, 0xFDAC, 0xFD6B, 0xFD4B, 0xFC68, 0xFC07, 0xFC28, 0xFC07, 0xFC07, 0xF468, 0xFD8C, 0xFDCD,
    0xFD4A, 0xFD09, 0xFDD0, 0xFE75, 0xFE34, 0xFCEE, 0xF307, 0xF2C5, 0xF284, 0xB367, 0xDBC8, 0xF264,
    0xF244, 0xF243, 0xF1E3, 0xF1E3, 0xF244, 0xF306, 0xF3A8, 0xF326, 0xF346, 0xF306, 0xF3A8, 0xFBC9,
    0xCAA6, 0x0841, 0x0841, 0x0841, 0x0841, 0x0841, 0x0841, 0x0841, 0x0841, 0x0841, 0x0841, 0x0841,
    0x0841, 0x0841, 0x0841, 0x0841, 0x0841, 0x0841, 0x0841, 0x0841, 0x0841, 0x0841, 0x0841, 0x2861,
    0xD247, 0xC984, 0xB903, 0xC143, 0xC123, 0xC9A5, 0xDA88, 0xDA48, 0xD227, 0xC9A5, 0xC0C1, 0xC8E1,
    0xD122, 0xD163, 0xD9A4, 0xE205, 0xEA66, 0xEA46, 0xEA45, 0xF246, 0xF286, 0xF266, 0xEA45, 0xE9E4,
    0xE1A4, 0xE1A3, 0xE9C3, 0xE9C3, 0xE9E4, 0xE9E4, 0xE9C4, 0xEA04, 0xE9E3, 0xE9C3, 0xE9C3, 0xF203,
    0xF265, 0xF2A5, 0xF328, 0xF349, 0xF3AA, 0xE9E3, 0xE1E4, 0xEA04, 0xF244, 0xF264, 0xAB88, 0xCAE6,
    0xFAA5, 0xE9E3, 0xE9E3, 0xF1E3, 0xF224, 0xF224, 0xF224, 0xF244, 0xF2E7, 0xF2A6, 0xF2C6, 0xFBA8,
    0xFB88, 0xFB47, 0xFBC7, 0xF448, 0xF488, 0xFCE9, 0xFE0E, 0xFEB2, 0xFF16, 0xF6F5, 0xF6B3, 0xFF16,
    0xFF37, 0xFEB3, 0xF5CD, 0xFD8C, 0xFDCC, 0xFD2B, 0xFC68, 0xFC28, 0xFBE7, 0xFC28, 0xFD4C, 0xFDAD,
    0xFDCD, 0xFD8C, 0xFC4A, 0xFD2F, 0xFD71, 0xF46C, 0xF348, 0xF2C5, 0xFB05, 0xE2C5, 0xAB46, 0xEB66,
    0xF244, 0xF244, 0xF203, 0xF203, 0xF244, 0xF264, 0xF346, 0xF346, 0xF346, 0xF387, 0xF367, 0xF3C9,
    0xFB47, 0x38C1, 0x0841, 0x0841, 0x0841, 0x0841, 0x0841, 0x0841, 0x0841, 0x0841, 0x0841, 0x0841,
    0x0841, 0x0841, 0x0841, 0x0841, 0x0841, 0x0841, 0x0841, 0x0841, 0x0841, 0x0841, 0x0841, 0x58E2,
    0xE247, 0xB923, 0xB903, 0xC123, 0xC123, 0xD247, 0xDAA8, 0xD227, 0xD1E6, 0xC102, 0xC0C1, 0xC0A0,
    0xD102, 0xD163, 0xD143, 0xD983, 0xE1A4, 0xEA46, 0xEA66, 0xEA66, 0xF266, 0xEA25, 0xE1C4, 0xE1C4,
    0xE1C4, 0xE1A3, 0xE1C4, 0xE9E4, 0xE9E4, 0xE9E4, 0xEA25, 0xF245, 0xE9E4, 0xE9A3, 0xE9C3, 0xF224,
    0xF204, 0xF245, 0xF2E8, 0xF266, 0xEA04, 0xEA05, 0xE1E4, 0xF244, 0xF244, 0xFA84, 0xB347, 0xDAC6,
    0xF203, 0xE9C3, 0xF204, 0xF1E3, 0xF224, 0xF1E3, 0xF204, 0xF2A5, 0xF285, 0xF2A6, 0xF2C6, 0xF347,
    0xF368, 0xFB68, 0xFC08, 0xFCA9, 0xF488, 0xF52B, 0xFE2F, 0xFE91, 0xFF15, 0xFF79, 0xF779, 0xFF79,
    0xFF78, 0xFF58, 0xFEF5, 0xFDCE, 0xFD6B, 0xFDED, 0xFD8C, 0xFC68, 0xFC08, 0xFBE8, 0xFCAA, 0xFDEE,
    0xFDEE, 0xFDAD, 0xFC6A, 0xFC0A, 0xFC8D, 0xF3EA, 0xF2E6, 0xF2C5, 0xF2E5, 0xFB05, 0xDB05, 0xCBC7,
    0xF305, 0xEA03, 0xF224, 0xF223, 0xEA23, 0xF224, 0xF2A4, 0xF347, 0xF306, 0xF387, 0xF326, 0xF367,
    0xFBC9, 0x7983, 0x0841, 0x0841, 0x0841, 0x0841, 0x0841, 0x0841, 0x0841, 0x0841, 0x0841, 0x0841,
    0x0841, 0x0841, 0x0841, 0x0841, 0x0841, 0x0841, 0x0841, 0x0841, 0x0841, 0x0841, 0x0841, 0x9184,
    0xD9E6, 0xB8E2, 0xB903, 0xB0C2, 0xC1A5, 0xDAC9, 0xDA27, 0xD206, 0xC143, 0xC0C1, 0xC0E1, 0xC0A0,
    0xC902, 0xD163, 0xD143, 0xD102, 0xE1E4, 0xEA66, 0xEA46, 0xEA46, 0xEA26, 0xE9E5, 0xE9E5, 0xE9E5,
    0xE1C4, 0xE1C4, 0xE9E5, 0xEA05, 0xE1E5, 0xE1E5, 0xEA25, 0xEA24, 0xEA04, 0xEA04, 0xEA24, 0xEA04,
    0xE9E3, 0xF265, 0xF2A7, 0xEA46, 0xEA46, 0xE1E5, 0xEA24, 0xF264, 0xF264, 0xF244, 0xC286, 0xC2A6,
    0xF1C3, 0xF204, 0xE9E3, 0xF1E3, 0xF224, 0xE9A2, 0xEA04, 0xF244, 0xF224, 0xF2A5, 0xF2C6, 0xF2E6,
    0xF368, 0xFB88, 0xFC28, 0xFCCA, 0xFCC9, 0xF54C, 0xF671, 0xFE92, 0xFEF5, 0xFF79, 0xFF79, 0xFF78,
    0xFF78, 0xFF58, 0xFF58, 0xFED4, 0xFDAC, 0xFDAC, 0xFDED, 0xFD8C, 0xFC69, 0xFC08, 0xFC29, 0xFD0B,
    0xFDAD, 0xFD4C, 0xFD0B, 0xFC0A, 0xFBCA, 0xFBCA, 0xF2C6, 0xF264, 0xF2A4, 0xF325, 0xFBC6, 0xD3C7,
    0xD345, 0xF2E5, 0xF244, 0xF224, 0xF224, 0xF203, 0xF244, 0xF2A5, 0xF306, 0xF2E6, 0xF326, 0xF327,
    0xFBE9, 0xAA45, 0x0841, 0x0841, 0x0841, 0x0841, 0x0841, 0x0841, 0x0841, 0x0841, 0x0841, 0x0841,
    0x0841, 0x0841, 0x0841, 0x0841, 0x0841, 0x0841, 0x0841, 0x0841, 0x0841, 0x0841, 0x0841, 0xB1E5,
    0xC984, 0xB8E2, 0xB903, 0xB103, 0xD267, 0xDA88, 0xD1E6, 0xC9C5, 0xC0E2, 0xC0C1, 0xC0C1, 0xC0A1,
    0xC8E1, 0xD122, 0xD122, 0xD143, 0xEA26, 0xEA46, 0xEA25, 0xEA05, 0xE205, 0xEA25, 0xEA25, 0xEA05,
    0xE1E4, 0xE205, 0xEA46, 0xE206, 0xE1E5, 0xE206, 0xEA25, 0xEA25, 0xEA04, 0xEA66, 0xEA25, 0xEA04,
    0xE9E4, 0xEA46, 0xEA86, 0xEA66, 0xE226, 0xE1E4, 0xF265, 0xF265, 0xEA04, 0xE9C3, 0xE1C3, 0xDAA6,
    0xF204, 0xF224, 0xE982, 0xF1E4, 0xE9C3, 0xE982, 0xE9A3, 0xE9A3, 0xF204, 0xF285, 0xF2C5, 0xF2C6,
    0xFB27, 0xFBC8, 0xFC89, 0xFCCA, 0xFCEA, 0xFCC9, 0xFE72, 0xFED4, 0xFED4, 0xFF79, 0xFF79, 0xFF78,
    0xFF59, 0xFF79, 0xFF58, 0xFF37, 0xFE92, 0xFDCD, 0xFDAC, 0xFDCD, 0xFCEB, 0xFC08, 0xFC08, 0xFBC8,
    0xFC8A, 0xFD2B, 0xFD0A, 0xFC29, 0xFBA9, 0xF3AA, 0xF2E6, 0xF264, 0xF244, 0xF325, 0xFBE6, 0xDBC6,
    0xC3E7, 0xEC28, 0xF305, 0xEA03, 0xF244, 0xF244, 0xF224, 0xF203, 0xF2E6, 0xF2A5, 0xF326, 0xF306,
    0xFBA8, 0xD2C6, 0x0840, 0x0841, 0x0841, 0x0841, 0x0841, 0x0841, 0x0841, 0x0841, 0x0841, 0x0841,
    0x0841, 0x0841, 0x0841, 0x0841, 0x0841, 0x0841, 0x0841, 0x0841, 0x0841, 0x0841, 0x2061, 0xCA06,
    0xC164, 0xB903, 0xB0E2, 0xB964, 0xDA87, 0xDA26, 0xC9C6, 0xC123, 0xC102, 0xC0C1, 0xC0A1, 0xC0A1,
    0xC8C1, 0xC902, 0xD143, 0xD9A4, 0xE1E5, 0xE205, 0xE205, 0xEA05, 0xEA04, 0xEA04, 0xF285, 0xEA45,
    0xE9C4, 0xEA05, 0xEA26, 0xE206, 0xE206, 0xEA26, 0xEA25, 0xF225, 0xEA45, 0xEA46, 0xEA05, 0xEA04,
    0xE9E4, 0xEA46, 0xEA66, 0xE227, 0xD9C5, 0xEA24, 0xF265, 0xEA04, 0xE1A3, 0xE162, 0xE162, 0xE9A2,
    0xEA03, 0xE982, 0xE962, 0xE9A3, 0xE9E4, 0xE9A3, 0xE9C3, 0xE983, 0xF204, 0xF2A5, 0xF2A5, 0xF2C5,
    0xF2E6, 0xFC08, 0xFC89, 0xFCA9, 0xFCC9, 0xFCC9, 0xFD6C, 0xFE51, 0xFED3, 0xFF58, 0xFF79, 0xFF78,
    0xFF79, 0xFF78, 0xFF78, 0xFF37, 0xF716, 0xF60E, 0xFDED, 0xFDCD, 0xFCEB, 0xFC09, 0xFC08, 0xF3A7,
    0xFB87, 0xFC8A, 0xFC89, 0xFC08, 0xFB68, 0xF389, 0xF348, 0xF2A4, 0xF2A4, 0xF304, 0xF385, 0xCB86,
    0xCD0B, 0xD4CA, 0xF3A6, 0xF264, 0xF244, 0xF244, 0xF224, 0xF203, 0xF285, 0xF244, 0xF2C5, 0xF2E6,
    0xFB68, 0xEB47, 0x2081, 0x0841, 0x0841, 0x0841, 0x0841, 0x0841, 0x0841, 0x0841, 0x0841, 0x0841,
    0x0841, 0x0841, 0x0841, 0x0841, 0x0841, 0x0841, 0x0841, 0x0841, 0x0841, 0x0841, 0x40C2, 0xD206,
    0xB943, 0xB8E2, 0xB0E2, 0xC9E6, 0xDA46, 0xD206, 0xC185, 0xB8C2, 0xC102, 0xC0C1, 0xC0C1, 0xC8C1,
    0xC0A1, 0xC8E2, 0xD143, 0xD963, 0xD143, 0xE1E5, 0xEA25, 0xEA65, 0xF285, 0xEA25, 0xEA45, 0xEA25,
    0xE9E4, 0xE205, 0xE206, 0xE206, 0xE205, 0xEA04, 0xEA04, 0xEA04, 0xEA66, 0xEA66, 0xEA25, 0xE9C3,
    0xEA05, 0xEA66, 0xEA67, 0xD1E6, 0xE1E4, 0xEA25, 0xEA24, 0xE183, 0xE162, 0xE121, 0xE162, 0xE9A2,
    0xE982, 0xE982, 0xE9A2, 0xE983, 0xF204, 0xE9E4, 0xE9A3, 0xE9C3, 0xF224, 0xF2A5, 0xF2C6, 0xF285,
    0xF326, 0xFC08, 0xFC89, 0xFCAA, 0xFC89, 0xFCCA, 0xFD0B, 0xFD8D, 0xFE2F, 0xFE93, 0xFF58, 0xFF79,
    0xFF79, 0xFF78, 0xFF79, 0xF717, 0xF6F5, 0xFE71, 0xFE0E, 0xFE0E, 0xFD0C, 0xFBC9, 0xFBC8, 0xFBE8,
    0xFB67, 0xFB67, 0xF387, 0xFB87, 0xFB48, 0xF368, 0xF348, 0xFAE5, 0xF325, 0xF324, 0xF385, 0xCB66,
    0x9B26, 0xA346, 0xEC48, 0xF305, 0xF203, 0xF203, 0xF223, 0xF203, 0xF224, 0xF223, 0xF285, 0xF2A5,
    0xF368, 0xFB88, 0x38C1, 0x0841, 0x0841, 0x0841, 0x0841, 0x0841, 0x0841, 0x0841, 0x0841, 0x0841,
    0x0841, 0x0841, 0x0841, 0x0841, 0x0841, 0x0841, 0x0841, 0x0841, 0x0841, 0x0841, 0x60E2, 0xD9E6,
    0xC144, 0xB0E2, 0xC164, 0xDA27, 0xD206, 0xC9C6, 0xB903, 0xB8E2, 0xC0E2, 0xC0E1, 0xC8E2, 0xC0C1,
    0xB8A1, 0xC8E2, 0xD142, 0xD123, 0xD184, 0xD9A4, 0xEA66, 0xF2C6, 0xEA45, 0xEA25, 0xEA25, 0xE9E4,
    0xEA05, 0xE206, 0xE1E6, 0xE1C5, 0xE1A3, 0xE9A3, 0xE9E4, 0xE1C3, 0xEA25, 0xEA46, 0xE9E4, 0xE1E4,
    0xEA66, 0xEA46, 0xDA26, 0xD1A4, 0xEA04, 0xEA45, 0xE1E4, 0xE183, 0xD921, 0xE121, 0xE162, 0xE162,
    0xE162, 0xE1A3, 0xE9A3, 0xE9C3, 0xEA25, 0xEA45, 0xE9C3, 0xE9C3, 0xF245, 0xF2E6, 0xF2C6, 0xF285,
    0xF366, 0xF408, 0xFC69, 0xFC89, 0xFC69, 0xFC29, 0xFCCB, 0xFD6D, 0xFDAD, 0xFDEE, 0xFE51, 0xFF17,
    0xFF78, 0xFF79, 0xFF58, 0xFF16, 0xFEF5, 0xFEB3, 0xFE50, 0xFE0F, 0xFD0D, 0xFC2A, 0xF346, 0xFB87,
    0xFBA7, 0xFB47, 0xFB88, 0xFB06, 0xFB27, 0xF307, 0xF2C6, 0xFB06, 0xF305, 0xF365, 0xF365, 0xF3E7,
    0xDBE7, 0xCC28, 0xDC28, 0xFB86, 0xF223, 0xF203, 0xF224, 0xF223, 0xF224, 0xF224, 0xF224, 0xF264,
    0xF347, 0xFBA8, 0x5102, 0x0841, 0x0841, 0x0841, 0x0841, 0x0841, 0x0841, 0x0841, 0x0841, 0x0841,
    0x0841, 0x0841, 0x0841, 0x0841, 0x0841, 0x0841, 0x0841, 0x0841, 0x0841, 0x0841, 0x7923, 0xDA26,
    0xC164, 0xB903, 0xCA06, 0xDA26, 0xC9C6, 0xC185, 0xB8C2, 0xB8E2, 0xB8C1, 0xC0E1, 0xC902, 0xB8A1,
    0xC0A1, 0xC902, 0xD122, 0xD163, 0xD9C5, 0xD9C5, 0xE246, 0xEAA6, 0xEA04, 0xEA04, 0xE9E4, 0xE1A4,
    0xE226, 0xE206, 0xE206, 0xE1A4, 0xE162, 0xE162, 0xE1A3, 0xE1C3, 0xE1C4, 0xE1E4, 0xE1E4, 0xEA46,
    0xEA26, 0xE226, 0xC9A5, 0xE1C4, 0xEA25, 0xEA25, 0xE183, 0xD942, 0xD901, 0xE162, 0xE162, 0xE162,
    0xE162, 0xE9A3, 0xE9C3, 0xE9C3, 0xF266, 0xF286, 0xF245, 0xEA04, 0xF2C7, 0xFAE7, 0xF285, 0xF264,
    0xF325, 0xFBE7, 0xFC08, 0xFC29, 0xFBE8, 0xF348, 0xFB67, 0xFC8A, 0xFD4C, 0xFDEF, 0xFDEE, 0xFDEE,
    0xFE93, 0xFE93, 0xFE72, 0xFED5, 0xFF16, 0xFEB3, 0xFE30, 0xFD8E, 0xFCAC, 0xFC4B, 0xFBA8, 0xFB05,
    0xFB87, 0xFB47, 0xFB27, 0xFB06, 0xF2C6, 0xF2A5, 0xF285, 0xF2E5, 0xF2C4, 0xF325, 0xF3A5, 0xF385,
    0xF3E6, 0xF468, 0xDB86, 0xEBA7, 0xF264, 0xF203, 0xF285, 0xF244, 0xF224, 0xF224, 0xF224, 0xF224,
    0xF327, 0xFBE9, 0x5922, 0x0841, 0x0841, 0x0841, 0x0841, 0x0841, 0x0841, 0x0841, 0x0841, 0x0841,
    0x0841, 0x0841, 0x0841, 0x0841, 0x0841, 0x0841, 0x0841, 0x0841, 0x0841, 0x0841, 0x9164, 0xDA27,
    0xC164, 0xC185, 0xD227, 0xC9C5, 0xC9A5, 0xB923, 0xB0A1, 0xB8A1, 0xB8A1, 0xB8A1, 0xC0E2, 0xC0E2,
    0xB8A1, 0xC902, 0xC943, 0xD184, 0xD9C5, 0xD9E5, 0xE206, 0xEA66, 0xE1E4, 0xE1E4, 0xE1C3, 0xE205,
    0xE1C5, 0xE1C5, 0xDA06, 0xD9C5, 0xD963, 0xD962, 0xE183, 0xE1A3, 0xE1C3, 0xE1A3, 0xE1E5, 0xE225,
    0xEA26, 0xD1E6, 0xD1C5, 0xEA25, 0xEA25, 0xE1C4, 0xD942, 0xD921, 0xD901, 0xD942, 0xD963, 0xD983,
    0xD943, 0xE183, 0xE9E4, 0xEA05, 0xF286, 0xF286, 0xF266, 0xF2C7, 0xF2E7, 0xF2E7, 0xF2A6, 0xF244,
    0xF2E5, 0xFB86, 0xFBA7, 0xF327, 0xF307, 0xF327, 0xF327, 0xF367, 0xFC09, 0xFD6D, 0xFE0F, 0xFE0F,
    0xFE0F, 0xFE0F, 0xFE30, 0xF650, 0xFED4, 0xFE51, 0xFE0F, 0xFD8E, 0xFCAC, 0xFC8C, 0xFC09, 0xFB26,
    0xFB86, 0xFB86, 0xF2A5, 0xFAC6, 0xF2C5, 0xF285, 0xF264, 0xF264, 0xF284, 0xF2C3, 0xF3A6, 0xF364,
    0xEB24, 0xF364, 0xF325, 0xE325, 0xF284, 0xF204, 0xF265, 0xF265, 0xF285, 0xF244, 0xE9E3, 0xF224,
    0xF2C6, 0xFC0A, 0x6163, 0x0841, 0x0841, 0x0841, 0x0841, 0x0841, 0x0841, 0x0841, 0x0841, 0x0841,
    0x0841, 0x0841, 0x0841, 0x0841, 0x0841, 0x0841, 0x0841, 0x0841, 0x0841, 0x0841, 0xA184, 0xD227,
    0xC185, 0xC9C6, 0xCA06, 0xC9C5, 0xC164, 0xB0C2, 0xB0A1, 0xB8A1, 0xB8A1, 0xB8A1, 0xC0E2, 0xC0C1,
    0xC0C1, 0xC943, 0xD184, 0xD1A5, 0xD9C5, 0xD9E5, 0xE206, 0xE225, 0xE1C4, 0xE1C4, 0xE1C4, 0xE226,
    0xD943, 0xD942, 0xD9E6, 0xD9C5, 0xD963, 0xD983, 0xD983, 0xE183, 0xE1A3, 0xE1A4, 0xE1C4, 0xE1C4,
    0xDA06, 0xC985, 0xE1E5, 0xEA25, 0xE204, 0xD9A4, 0xD942, 0xD901, 0xD901, 0xD963, 0xD984, 0xD9A4,
    0xD943, 0xD963, 0xE1A3, 0xEA45, 0xEA25, 0xF266, 0xF2C7, 0xF2E7, 0xF2C7, 0xF2E7, 0xF2C7, 0xF285,
    0xF264, 0xF2E5, 0xF346, 0xF2E6, 0xF2E7, 0xF327, 0xF327, 0xF347, 0xFB88, 0xFC09, 0xFD4D, 0xFE30,
    0xFE30, 0xFE0F, 0xFE30, 0xFE10, 0xFE0F, 0xFDEF, 0xFDCE, 0xFD8D, 0xFC8C, 0xFC8C, 0xFC6B, 0xFB88,
    0xFB66, 0xFB86, 0xFAE5, 0xFAC6, 0xF2A5, 0xF264, 0xF244, 0xF223, 0xF264, 0xF2C3, 0xF303, 0xF344,
    0xEAA2, 0xF2C3, 0xF2C4, 0xEAE5, 0xEAC5, 0xF204, 0xF244, 0xF2A5, 0xF2A5, 0xF2C6, 0xE9E3, 0xF224,
    0xF307, 0xFC2B, 0x6984, 0x0841, 0x0841, 0x0841, 0x0841, 0x0841, 0x0841, 0x0841, 0x0841, 0x0841,
    0x0841, 0x0841, 0x0841, 0x0841, 0x0841, 0x0841, 0x0841, 0x0841, 0x0841, 0x0841, 0xA9A5, 0xD226,
    0xC9A5, 0xC1A5, 0xC9C5, 0xC184, 0xB923, 0xB0C2, 0xB0C2, 0xB0A1, 0xB8A1, 0xB8C1, 0xC0C2, 0xC081,
    0xC923, 0xD1A5, 0xD1C5, 0xD1E5, 0xD9E6, 0xD9E6, 0xE226, 0xE205, 0xE1C4, 0xE205, 0xE1E5, 0xD983,
    0xD922, 0xD942, 0xD9C5, 0xD9A5, 0xD963, 0xD983, 0xD983, 0xD962, 0xD983, 0xE1C4, 0xD9A3, 0xE1A3,
    0xD1C5, 0xC984, 0xE1E5, 0xE225, 0xE205, 0xD184, 0xD102, 0xD901, 0xD963, 0xD984, 0xD984, 0xD984,
    0xD984, 0xD983, 0xE183, 0xE1C4, 0xE9E4, 0xE9E4, 0xF2C7, 0xF2E7, 0xF2C7, 0xF2C7, 0xF2A6, 0xF285,
    0xF244, 0xF223, 0xF2A5, 0xF2C6, 0xF286, 0xF327, 0xFB68, 0xFB68, 0xFB88, 0xFBA8, 0xFBC8, 0xFCAB,
    0xFD2D, 0xFD6D, 0xFDAE, 0xFDEF, 0xFDCE, 0xFDCE, 0xFD8D, 0xFD6D, 0xFCEC, 0xF42A, 0xFC4B, 0xFBC9,
    0xF346, 0xF325, 0xFB26, 0xF2C6, 0xF224, 0xF223, 0xF203, 0xF1E2, 0xF263, 0xF2E4, 0xF283, 0xEB64,
    0xF2C3, 0xF283, 0xF284, 0xEA43, 0xEAE6, 0xEA44, 0xEA24, 0xF2A5, 0xF2C6, 0xF306, 0xF265, 0xEA24,
    0xF348, 0xFC2B, 0x6984, 0x0841, 0x0841, 0x0841, 0x0841, 0x0841, 0x0841, 0x0841, 0x0841, 0x0841,
    0x0841, 0x0841, 0x0841, 0x0841, 0x0841, 0x0841, 0x0841, 0x0841, 0x0841, 0x1040, 0xB9E5, 0xD206,
    0xC184, 0xC185, 0xC9A5, 0xC164, 0xB924, 0xB0E2, 0xB0C2, 0xA8A1, 0xB0A1, 0xC0C2, 0xB8A1, 0xC0A1,
    0xC964, 0xD1A5, 0xD1C5, 0xD1C6, 0xD1E5, 0xD1C5, 0xD9E5, 0xD9A4, 0xE1C4, 0xE1E4, 0xE1A4, 0xD102,
    0xD102, 0xD942, 0xD9C5, 0xD164, 0xD984, 0xD9A4, 0xD963, 0xD122, 0xE1C3, 0xD9A3, 0xD983, 0xD9A4,
    0xC985, 0xD9C4, 0xE205, 0xE205, 0xD9C4, 0xD122, 0xD101, 0xD901, 0xD963, 0xD984, 0xD984, 0xD984,
    0xD9A4, 0xE183, 0xE183, 0xE1A4, 0xE9C4, 0xE9C4, 0xEA04, 0xF265, 0xF286, 0xF2A6, 0xF265, 0xF224,
    0xF224, 0xF224, 0xF224, 0xF225, 0xF225, 0xF2E6, 0xF368, 0xFB88, 0xFBA9, 0xFBA8, 0xFBC9, 0xFBA8,
    0xFC09, 0xFD0D, 0xFCEC, 0xFCEB, 0xFDAD, 0xFD8D, 0xFD8D, 0xFD6C, 0xFD2C, 0xFC2A, 0xFBE9, 0xF388,
    0xF346, 0xFB46, 0xFAE5, 0xF2C5, 0xF224, 0xF203, 0xF1E3, 0xE9E2, 0xF223, 0xF2A4, 0xF283, 0xE304,
    0xE345, 0xF283, 0xEA44, 0xEA03, 0xEAA5, 0xF2C6, 0xF265, 0xF285, 0xF2C6, 0xF327, 0xF285, 0xEA04,
    0xF348, 0xFC2B, 0x6183, 0x0841, 0x0841, 0x0841, 0x0841, 0x0841, 0x0841, 0x0841, 0x0841, 0x0841,
    0x0841, 0x0841, 0x0841, 0x0841, 0x0841, 0x0841, 0x0841, 0x0841, 0x0841, 0x1041, 0xBA06, 0xCA26,
    0xC164, 0xC184, 0xC9E5, 0xC164, 0xB923, 0xB0E2, 0xB0C2, 0xB0A1, 0xB8C1, 0xC0E2, 0xB8A1, 0xC0C1,
    0xC944, 0xC964, 0xD184, 0xD1A5, 0xD1C5, 0xD1A5, 0xD1A5, 0xD184, 0xD9A4, 0xE1C4, 0xD963, 0xD101,
    0xD102, 0xD123, 0xD184, 0xD163, 0xD163, 0xD963, 0xD122, 0xD942, 0xD983, 0xD983, 0xD9A4, 0xC985,
    0xC964, 0xD9C4, 0xE1E5, 0xE1E5, 0xD963, 0xD0E1, 0xD0E1, 0xD901, 0xD8E1, 0xD8E1, 0xD902, 0xD922,
    0xD901, 0xD921, 0xE183, 0xE1A4, 0xE1A4, 0xE1A4, 0xE9E4, 0xF224, 0xF244, 0xF224, 0xEA04, 0xF1E4,
    0xF225, 0xEA25, 0xF204, 0xF204, 0xF245, 0xF265, 0xF307, 0xFB88, 0xFB88, 0xFB88, 0xFB68, 0xFBE9,
    0xFC0A, 0xFC8B, 0xFC2A, 0xFBE9, 0xFCCB, 0xFD8D, 0xFD4C, 0xFD6C, 0xFCCB, 0xFC29, 0xFB67, 0xFB67,
    0xFB26, 0xF305, 0xF305, 0xF2E6, 0xF285, 0xF1E3, 0xE9E3, 0xF203, 0xEA03, 0xF263, 0xF284, 0xEA43,
    0xDBA6, 0xEA23, 0xE9E3, 0xEA03, 0xEA85, 0xEAC6, 0xF265, 0xF285, 0xF306, 0xF306, 0xEA24, 0xE9E3,
    0xF348, 0xFC4B, 0x5123, 0x0841, 0x0841, 0x0841, 0x0841, 0x0841, 0x0841, 0x0841, 0x0841, 0x0841,
    0x0841, 0x0841, 0x0841, 0x0841, 0x0841, 0x0841, 0x0841, 0x0841, 0x0841, 0x1040, 0xB9E5, 0xD227,
    0xC184, 0xC984, 0xCA06, 0xB944, 0xB924, 0xB923, 0xB0E2, 0xB8E2, 0xB8C1, 0xB8C1, 0xB881, 0xC0E2,
    0xC943, 0xC964, 0xC964, 0xC985, 0xD1A5, 0xD1C5, 0xD164, 0xD184, 0xD984, 0xD142, 0xD122, 0xD102,
    0xC902, 0xC923, 0xC923, 0xC922, 0xD122, 0xD122, 0xD0E1, 0xD142, 0xD942, 0xD983, 0xD9C5, 0xC164,
    0xC964, 0xD9C4, 0xE1E5, 0xD9C5, 0xD122, 0xD0C1, 0xD0C0, 0xD0C0, 0xD0C0, 0xD0C0, 0xD8E0, 0xD901,
    0xD901, 0xD922, 0xE1A4, 0xE1C4, 0xE1A4, 0xE183, 0xF204, 0xF224, 0xF224, 0xEA04, 0xEA04, 0xF224,
    0xF225, 0xE9E4, 0xF225, 0xF225, 0xF245, 0xF245, 0xF265, 0xF327, 0xFB68, 0xFB88, 0xFB88, 0xFB87,
    0xFC2A, 0xFC0A, 0xFBC9, 0xFB88, 0xFBE9, 0xFCCB, 0xFCEB, 0xFCAB, 0xFC4A, 0xFBE8, 0xF326, 0xF306,
    0xFB06, 0xF2A4, 0xF2E5, 0xF306, 0xF285, 0xF264, 0xE9C3, 0xEA03, 0xF244, 0xF244, 0xEA85, 0xEA04,
    0xDA83, 0xE264, 0xEA03, 0xEA03, 0xEA44, 0xEAA5, 0xF285, 0xF244, 0xF2E6, 0xF2E6, 0xEA04, 0xEA04,
    0xF348, 0xFC0A, 0x38E2, 0x0841, 0x0841, 0x0841, 0x0841, 0x0841, 0x0841, 0x0841, 0x0841, 0x0841,
    0x0841, 0x0841, 0x0841, 0x0841, 0x0841, 0x0841, 0x0841, 0x0841, 0x0841, 0x1040, 0xB1C5, 0xD267,
    0xC184, 0xC9A5, 0xD226, 0xB944, 0xB923, 0xB923, 0xB0E2, 0xB8C2, 0xB0A1, 0xB8A1, 0xB881, 0xC0E2,
    0xC102, 0xC923, 0xD143, 0xC985, 0xC9C6, 0xC9A5, 0xD184, 0xD164, 0xD123, 0xC8E1, 0xC8E1, 0xC902,
    0xC923, 0xC902, 0xC922, 0xC902, 0xD102, 0xC8E1, 0xC8E1, 0xD122, 0xD162, 0xD9A4, 0xC984, 0xC123,
    0xD1A4, 0xD9C4, 0xD9C4, 0xD143, 0xC8E1, 0xD0C0, 0xD0C0, 0xD0C0, 0xD0C0, 0xD0E0, 0xD0E1, 0xD901,
    0xD901, 0xD942, 0xE1A4, 0xE1C4, 0xE1A4, 0xE9C3, 0xF224, 0xF204, 0xEA04, 0xE9E4, 0xE9E4, 0xF265,
    0xF225, 0xE9E4, 0xF225, 0xF245, 0xF266, 0xF2A7, 0xF266, 0xF266, 0xFB27, 0xFB27, 0xFB88, 0xF306,
    0xF306, 0xFB47, 0xFB67, 0xF367, 0xFB67, 0xF409, 0xFC29, 0xFC29, 0xFC09, 0xFBA7, 0xFB46, 0xFB05,
    0xF2A4, 0xF284, 0xF2C5, 0xF326, 0xF2A6, 0xF2A6, 0xEA04, 0xE9E3, 0xF244, 0xEA03, 0xEA24, 0xEA65,
    0xE1E3, 0xDA64, 0xEA04, 0xEA04, 0xEA24, 0xEA65, 0xF265, 0xF244, 0xF2A5, 0xF2A5, 0xE9E3, 0xEA24,
    0xF348, 0xEBA9, 0x2081, 0x0841, 0x0841, 0x0841, 0x0841, 0x0841, 0x0841, 0x0841, 0x0841, 0x0841,
    0x0841, 0x0841, 0x0841, 0x0841, 0x0841, 0x0841, 0x0841, 0x0841, 0x0841, 0x0841, 0xB1E5, 0xDAC8,
    0xC1A5, 0xC9E5, 0xDA87, 0xC164, 0xB903, 0xB903, 0xB0C2, 0xB0A1, 0xB081, 0xB8A1, 0xB881, 0xC0E2,
    0xC0E1, 0xC922, 0xD206, 0xC944, 0xC985, 0xC984, 0xD184, 0xD143, 0xC902, 0xC0C1, 0xC0C1, 0xC902,
    0xC922, 0xC0E2, 0xC0E2, 0xC102, 0xC8E1, 0xC0A1, 0xC8E1, 0xD122, 0xD143, 0xD184, 0xC124, 0xC143,
    0xD9C4, 0xD9A4, 0xD984, 0xC902, 0xC8C1, 0xC8A0, 0xD0C0, 0xD0C0, 0xD0C0, 0xD0C0, 0xD0C0, 0xD901,
    0xD942, 0xD942, 0xE1A4, 0xE1A4, 0xE183, 0xE9C3, 0xEA04, 0xE9E4, 0xE9E4, 0xEA04, 0xEA24, 0xF265,
    0xF224, 0xE9E4, 0xF224, 0xE9E4, 0xEA25, 0xF2A7, 0xF308, 0xF2A6, 0xF2E7, 0xF2E6, 0xFAE6, 0xFB06,
    0xF285, 0xF2C5, 0xF2A5, 0xFB27, 0xF306, 0xFBA8, 0xFBA8, 0xFBC8, 0xFBA8, 0xFB67, 0xFB25, 0xFB05,
    0xF2A4, 0xF284, 0xF2A4, 0xF306, 0xF2C6, 0xF2A6, 0xEA45, 0xE9E3, 0xE9E3, 0xE9A2, 0xE9A2, 0xE9E3,
    0xEA45, 0xDA03, 0xE9E3, 0xE1E3, 0xEA24, 0xF328, 0xF2A5, 0xF243, 0xF284, 0xF2C5, 0xEA03, 0xEA44,
    0xFB68, 0xD328, 0x0841, 0x0841, 0x0841, 0x0841, 0x0841, 0x0841, 0x0841, 0x0841, 0x0841, 0x0841,
    0x0841, 0x0841, 0x0841, 0x0841, 0x0841, 0x0841, 0x0841, 0x0841, 0x0841, 0x0841, 0xA1C5, 0xE309,
    0xCA26, 0xD226, 0xDAA8, 0xC143, 0xB903, 0xB103, 0xA8A2, 0xA881, 0xB0A1, 0xB881, 0xB880, 0xC0E1,
    0xC0A0, 0xD1E5, 0xDA06, 0xC922, 0xC943, 0xC963, 0xD184, 0xC923, 0xC0E2, 0xC0C1, 0xB8C1, 0xC902,
    0xC0E2, 0xC0E2, 0xC0E2, 0xC0E2, 0xC0A1, 0xC0A1, 0xC8E1, 0xC922, 0xD143, 0xC144, 0xB8E2, 0xC963,
    0xD984, 0xD9A4, 0xC964, 0xC0C1, 0xC8A0, 0xC8A0, 0xD0C0, 0xD0C0, 0xC8C0, 0xD0E1, 0xD0E1, 0xD921,
    0xD901, 0xD942, 0xE9C4, 0xE1A3, 0xE183, 0xE9C3, 0xE9E4, 0xEA24, 0xEA04, 0xF244, 0xF224, 0xF244,
    0xF224, 0xF224, 0xEA04, 0xEA05, 0xF204, 0xE9E4, 0xF2C7, 0xF2E7, 0xF2C7, 0xF2C6, 0xF2A5, 0xF2E6,
    0xF2C5, 0xF284, 0xF284, 0xF284, 0xF2A5, 0xFB67, 0xFB67, 0xFB47, 0xFB47, 0xFB26, 0xF2E5, 0xF2E4,
    0xF2E4, 0xF284, 0xF284, 0xFAE6, 0xF2E6, 0xF265, 0xEA45, 0xEA24, 0xE9E3, 0xE9E3, 0xE9E3, 0xE182,
    0xE1A2, 0xE245, 0xE245, 0xE1E3, 0xEA24, 0xEAA6, 0xEAA5, 0xF263, 0xF2C4, 0xF2A5, 0xE1E3, 0xEA44,
    0xFBA9, 0xAAC7, 0x0841, 0x0841, 0x0841, 0x0841, 0x0841, 0x0841, 0x0841, 0x0841, 0x0841, 0x0841,
    0x0841, 0x0841, 0x0841, 0x0841, 0x0841, 0x0841, 0x0841, 0x0841, 0x0841, 0x0841, 0x9184, 0xE309,
    0xD287, 0xD267, 0xDAA8, 0xC143, 0xB923, 0xB103, 0xA8A2, 0xA881, 0xB0A1, 0xB881, 0xB8A1, 0xB8C1,
    0xC0C1, 0xD163, 0xC943, 0xC922, 0xC923, 0xC943, 0xC943, 0xC102, 0xB8C1, 0xB8C2, 0xC0E2, 0xB8C2,
    0xB8A1, 0xB8A1, 0xB8C1, 0xC0C1, 0xB8A1, 0xC0E1, 0xC902, 0xD142, 0xD143, 0xB903, 0xB8E2, 0xD163,
    0xD163, 0xD1A4, 0xC923, 0xC8C1, 0xC080, 0xC8A0, 0xD0C0, 0xD0E1, 0xD0C1, 0xD101, 0xD101, 0xD0E1,
    0xD901, 0xE162, 0xE183, 0xE182, 0xE1A3, 0xE9C3, 0xEA04, 0xEA25, 0xEA04, 0xF224, 0xF244, 0xF264,
    0xF265, 0xF285, 0xF245, 0xF204, 0xF204, 0xE9E3, 0xF225, 0xF2E8, 0xF2C7, 0xF2C6, 0xF2E6, 0xF264,
    0xF2A5, 0xFA84, 0xFAA4, 0xF284, 0xF284, 0xFAC5, 0xFB26, 0xFB06, 0xFAE5, 0xFAA5, 0xF284, 0xF2C4,
    0xF325, 0xF2A4, 0xF244, 0xF2A5, 0xF2E6, 0xEA24, 0xEA24, 0xEA04, 0xE9E3, 0xE1A3, 0xE1C3, 0xE1C3,
    0xE161, 0xE1E3, 0xEAE7, 0xE1E3, 0xEA24, 0xF264, 0xEA64, 0xF2A4, 0xF2E4, 0xEA44, 0xE9E4, 0xEAA5,
    0xFC0A, 0x8205, 0x0841, 0x0841, 0x0841, 0x0841, 0x0841, 0x0841, 0x0841, 0x0841, 0x0841, 0x0841,
    0x0841, 0x0841, 0x0841, 0x0841, 0x0841, 0x0841, 0x0841, 0x0841, 0x0841, 0x0841, 0x8143, 0xE2E9,
    0xD288, 0xD247, 0xDAA8, 0xC164, 0xB903, 0xB0E2, 0xB0C2, 0xA881, 0xB081, 0xB081, 0xB8A1, 0xB8A1,
    0xC0C1, 0xC0A1, 0xC8E1, 0xC8E1, 0xC902, 0xC943, 0xC943, 0xC102, 0xB8C1, 0xB8C2, 0xB8E2, 0xB8C2,
    0xB0A1, 0xB0A1, 0xB8A1, 0xB8A1, 0xB8A1, 0xC0E1, 0xC902, 0xC922, 0xC123, 0xB0C2, 0xC102, 0xC963,
    0xD163, 0xD184, 0xC0C1, 0xC0A1, 0xC060, 0xC8A0, 0xD0E1, 0xD101, 0xD0E1, 0xD101, 0xD101, 0xD901,
    0xD922, 0xE162, 0xE1A3, 0xE183, 0xE182, 0xE9E3, 0xEA04, 0xF224, 0xE9E3, 0xE9E3, 0xF224, 0xF244,
    0xF264, 0xF285, 0xF286, 0xEA04, 0xEA04, 0xE9E4, 0xE9C4, 0xF266, 0xF286, 0xF264, 0xF2A5, 0xF244,
    0xF243, 0xF284, 0xF2A4, 0xF2A4, 0xF2A4, 0xF264, 0xF2A5, 0xFAC5, 0xF2A5, 0xF2A5, 0xF284, 0xF2C4,
    0xFAE4, 0xF2A4, 0xF1E3, 0xF244, 0xF2C5, 0xEA03, 0xEA03, 0xE9E3, 0xE9E3, 0xE1A3, 0xE1E3, 0xE1C3,
    0xE182, 0xE182, 0xE204, 0xEA24, 0xEA24, 0xF307, 0xEAA5, 0xF264, 0xF304, 0xEA44, 0xEA24, 0xEAE6,
    0xFBE9, 0x4102, 0x0841, 0x0841, 0x0841, 0x0841, 0x0841, 0x0841, 0x0841, 0x0841, 0x0841, 0x0841,
    0x0841, 0x0841, 0x0841, 0x0841, 0x0841, 0x0841, 0x0841, 0x0841, 0x0841, 0x0841, 0x6123, 0xE2E9,
    0xD2A8, 0xD267, 0xDAA8, 0xC184, 0xB0E3, 0xB0C2, 0xB0C2, 0xB0A1, 0xA881, 0xB081, 0xB8A1, 0xB8A1,
    0xC0E1, 0xC0E1, 0xC0C1, 0xC0C1, 0xC0C1, 0xC923, 0xC123, 0xB8E2, 0xB8C2, 0xB8E2, 0xB8C1, 0xB8C2,
    0xB8C1, 0xB0A1, 0xB881, 0xB080, 0xB8A1, 0xC0C1, 0xC902, 0xC902, 0xB903, 0xA881, 0xC122, 0xC943,
    0xC943, 0xC963, 0xC0A1, 0xC080, 0xC060, 0xC8A0, 0xD101, 0xD102, 0xD0E1, 0xD8E1, 0xD101, 0xD101,
    0xD922, 0xD942, 0xE1C3, 0xE1A3, 0xE162, 0xE9C3, 0xEA04, 0xF224, 0xE9E3, 0xE9C3, 0xF203, 0xF244,
    0xF285, 0xF2A6, 0xF2A6, 0xE9E4, 0xE9E4, 0xE9E3, 0xE9E4, 0xE9C3, 0xF224, 0xF264, 0xF264, 0xF284,
    0xF284, 0xF263, 0xF2C4, 0xF2C4, 0xF2C4, 0xF264, 0xF264, 0xFA85, 0xF2A5, 0xF2C5, 0xF2C5, 0xFAE5,
    0xF2C4, 0xF2A4, 0xF203, 0xF203, 0xF2A5, 0xF224, 0xE9E3, 0xE9E3, 0xE9E3, 0xE1C3, 0xE1A3, 0xE1A3,
    0xD983, 0xE182, 0xE1E3, 0xE204, 0xEA44, 0xF42C, 0xF3EA, 0xF283, 0xF325, 0xEA44, 0xEA24, 0xF327,
    0xDB48, 0x1061, 0x0841, 0x0841, 0x0841, 0x0841, 0x0841, 0x0841, 0x0841, 0x0841, 0x0841, 0x0841,
    0x0841, 0x0841, 0x0841, 0x0841, 0x0841, 0x0841, 0x0841, 0x0841, 0x0841, 0x0841, 0x40C2, 0xDA88,
    0xD2C9, 0xD267, 0xDA67, 0xC185, 0xA8C2, 0xB0C2, 0xB0A1, 0xB0A1, 0xA881, 0xB0A1, 0xB8C1, 0xB8C1,
    0xB8C1, 0xC0C1, 0xC0C1, 0xB8C1, 0xB8C1, 0xC0E2, 0xC0E2, 0xC902, 0xC0E2, 0xB8C2, 0xB8C1, 0xC0E2,
    0xB8C1, 0xB0A1, 0xB081, 0xB080, 0xB881, 0xB8C1, 0xC102, 0xC102, 0xB0C2, 0xB0A1, 0xC123, 0xC122,
    0xC123, 0xC102, 0xB8A1, 0xB880, 0xC060, 0xC8A0, 0xC8A0, 0xC8E1, 0xD0E1, 0xD0C0, 0xD8E1, 0xD901,
    0xD901, 0xD942, 0xE1A3, 0xE183, 0xE162, 0xE9C4, 0xEA04, 0xEA04, 0xE9E3, 0xF203, 0xF1E3, 0xF265,
    0xF2A5, 0xF2C6, 0xF2E7, 0xEA04, 0xE9E3, 0xE9E3, 0xE9C3, 0xE9A3, 0xE9A2, 0xF264, 0xF284, 0xF2C4,
    0xF2A3, 0xF2C4, 0xF304, 0xF2C4, 0xFAE4, 0xF2A4, 0xF285, 0xF284, 0xF2A5, 0xF2A5, 0xF2C5, 0xF2C5,
    0xFAC5, 0xF2C5, 0xF1E3, 0xE9E3, 0xF285, 0xF265, 0xE9E3, 0xE9E3, 0xE1A3, 0xE1A3, 0xE1E4, 0xD983,
    0xD982, 0xD982, 0xD9A3, 0xEA24, 0xEA44, 0xF40C, 0xF3CA, 0xF2C4, 0xF305, 0xEA24, 0xEA64, 0xFB88,
    0xA286, 0x0841, 0x0841, 0x0841, 0x0841, 0x0841, 0x0841, 0x0841, 0x0841, 0x0841, 0x0841, 0x0841,
    0x0841, 0x0841, 0x0841, 0x0841, 0x0841, 0x0841, 0x0841, 0x0841, 0x0841, 0x0841, 0x2061, 0xCA27,
    0xDB09, 0xD2C8, 0xD206, 0xC164, 0xB0C2, 0xA8A1, 0xB0C2, 0xB0A1, 0xB0A1, 0xB8A1, 0xB8C1, 0xB8C1,
    0xB0A1, 0xC0A1, 0xC0A1, 0xC0C1, 0xC0C1, 0xC902, 0xC902, 0xC902, 0xB8C1, 0xB8C1, 0xC0C1, 0xC0E2,
    0xB0A1, 0xB0A1, 0xB081, 0xB080, 0xB081, 0xC0E2, 0xC102, 0xB8E2, 0xA081, 0xA8A1, 0xC122, 0xC0E2,
    0xC102, 0xB8C1, 0xB8A1, 0xB880, 0xC080, 0xC8A0, 0xC080, 0xC880, 0xD0C1, 0xC8C0, 0xC8A0, 0xD0C0,
    0xD8E1, 0xD942, 0xE162, 0xE142, 0xE162, 0xE9A3, 0xE9C3, 0xE982, 0xE962, 0xF1E3, 0xF204, 0xF265,
    0xF2A6, 0xF2C6, 0xEA86, 0xEA04, 0xF204, 0xE9C3, 0xE9A3, 0xE9A3, 0xE962, 0xF223, 0xF2C4, 0xF304,
    0xF2C4, 0xFAC4, 0xFAE4, 0xFB04, 0xF304, 0xFAE4, 0xF284, 0xF285, 0xF2A5, 0xF2A4, 0xF2A4, 0xFAA4,
    0xF2C5, 0xF264, 0xF203, 0xF204, 0xFAC6, 0xF285, 0xE9E3, 0xE9E3, 0xE1C3, 0xE1A3, 0xE205, 0xD9E5,
    0xD962, 0xD983, 0xD983, 0xEA24, 0xEA65, 0xEA44, 0xF2C5, 0xF305, 0xEAC5, 0xE224, 0xEAA5, 0xFBC9,
    0x4943, 0x0841, 0x0841, 0x0841, 0x0841, 0x0841, 0x0841, 0x0841, 0x0841, 0x0841, 0x0841, 0x0841,
    0x0841, 0x0841, 0x0841, 0x0841, 0x0841, 0x0841, 0x0841, 0x0841, 0x0841, 0x0841, 0x0841, 0xA9E5,
    0xDB09, 0xD2A8, 0xC9E6, 0xC164, 0xB0E3, 0xA8A2, 0xB0E2, 0xB0C2, 0xB0A1, 0xB0A1, 0xB8A1, 0xB8A1,
    0xC0E2, 0xB8A1, 0xC0A1, 0xB8A1, 0xC0C1, 0xC8E2, 0xC0E2, 0xC0E1, 0xC0E2, 0xC0C1, 0xB8C1, 0xB8C1,
    0xB0A1, 0xB8A1, 0xB081, 0xB081, 0xB8A1, 0xC0E2, 0xC0E2, 0xA881, 0xA081, 0xA8A1, 0xC0E2, 0xC0E2,
    0xC0C2, 0xC0C1, 0xB8A1, 0xB880, 0xC8A0, 0xC080, 0xC880, 0xC080, 0xC8A0, 0xC8A0, 0xC8A0, 0xD0C0,
    0xD8E1, 0xD942, 0xD921, 0xE121, 0xE162, 0xE162, 0xE142, 0xE141, 0xE121, 0xE162, 0xF224, 0xF245,
    0xF265, 0xEA66, 0xEA04, 0xF224, 0xE9E3, 0xE9E4, 0xE9C3, 0xE9A2, 0xE9A2, 0xE9A2, 0xF2C4, 0xFB65,
    0xFB24, 0xF2A3, 0xFAE4, 0xFB04, 0xFB24, 0xFB24, 0xFAE4, 0xFAA4, 0xF284, 0xF264, 0xF284, 0xF284,
    0xF264, 0xF264, 0xF204, 0xF244, 0xF2A5, 0xF285, 0xE9E3, 0xE1C3, 0xE1C3, 0xE1E4, 0xDA05, 0xDA05,
    0xD983, 0xD983, 0xD983, 0xE204, 0xEA65, 0xEA64, 0xF2C5, 0xF2E5, 0xEAA4, 0xE244, 0xF347, 0xD327,
    0x1041, 0x0841, 0x0841, 0x0841, 0x0841, 0x0841, 0x0841, 0x0841, 0x0841, 0x0841, 0x0841, 0x0841,
    0x0841, 0x0841, 0x0841, 0x0841, 0x0841, 0x0841, 0x0841, 0x0841, 0x0841, 0x0841, 0x0841, 0x7143,
    0xE2C9, 0xD2C9, 0xC9E6, 0xB923, 0xB903, 0xB0C2, 0xB0C2, 0xB0C2, 0xB8C2, 0xB8C1, 0xB8A1, 0xB8A1,
    0xB8C2, 0xB8A1, 0xC0A1, 0xC0A1, 0xB8A1, 0xC0C1, 0xC0C1, 0xB8C1, 0xC0E2, 0xC0E2, 0xB8C1, 0xB0A1,
    0xB8A1, 0xB8A1, 0xB081, 0xB8A1, 0xB8A1, 0xB8C1, 0xB8C1, 0xA8A1, 0xA881, 0xB0C2, 0xB8E2, 0xC0E2,
    0xC0E2, 0xB8A1, 0xB880, 0xB040, 0xC8A0, 0xC8A0, 0xC080, 0xC060, 0xC880, 0xD0C0, 0xC8A0, 0xD0C0,
    0xD901, 0xD921, 0xD921, 0xE162, 0xE162, 0xE142, 0xD901, 0xD901, 0xD921, 0xE141, 0xEA04, 0xE9E4,
    0xE9A3, 0xE9A3, 0xE162, 0xE982, 0xEA04, 0xEA03, 0xE9C3, 0xE9A2, 0xE9A2, 0xE981, 0xF2A3, 0xF304,
    0xFB45, 0xFAE4, 0xF283, 0xFB04, 0xFB45, 0xFB24, 0xFAE4, 0xFAC4, 0xF284, 0xF264, 0xF244, 0xF203,
    0xF203, 0xF265, 0xF224, 0xF245, 0xF265, 0xF285, 0xE9E4, 0xE1E3, 0xE1E3, 0xE1E4, 0xD9C4, 0xD9A4,
    0xD983, 0xD983, 0xD983, 0xE224, 0xEA85, 0xEAA5, 0xEAC5, 0xEAC5, 0xEA64, 0xE264, 0xFBC8, 0x81E4,
    0x0841, 0x0841, 0x0841, 0x0841, 0x0841, 0x0841, 0x0841, 0x0841, 0x0841, 0x0841, 0x0841, 0x0841,
    0x0841, 0x0841, 0x0841, 0x0841, 0x0841, 0x0841, 0x0841, 0x0841, 0x0841, 0x0841, 0x0841, 0x3081,
    0xD267, 0xD2A8, 0xCA47, 0xC144, 0xB923, 0xB0C2, 0xB0C2, 0xB0C2, 0xB902, 0xB8C1, 0xC0C1, 0xB8C1,
    0xB8A1, 0xB8A1, 0xB8A1, 0xB8A1, 0xB8A1, 0xC0C1, 0xB8C1, 0xB8C1, 0xB8E2, 0xB8E2, 0xB8E2, 0xB8C1,
    0xB8A1, 0xB081, 0xB0A1, 0xB0A1, 0xB8A1, 0xB8C1, 0xB0A1, 0xA8A1, 0xA0A2, 0xB0C2, 0xC102, 0xC0C1,
    0xC0C1, 0xB0A1, 0xB060, 0xB880, 0xC080, 0xC080, 0xC060, 0xB860, 0xC080, 0xD0C0, 0xD0C0, 0xD0C0,
    0xD8E1, 0xD921, 0xE141, 0xE162, 0xE142, 0xD921, 0xD901, 0xD901, 0xD921, 0xD921, 0xE162, 0xE182,
    0xE162, 0xE162, 0xE162, 0xE962, 0xEA03, 0xE9E3, 0xE9E3, 0xE9A2, 0xE9A2, 0xE9A2, 0xF202, 0xF2A3,
    0xF2E4, 0xF2E4, 0xF283, 0xFB04, 0xFB04, 0xFB04, 0xFAE4, 0xFAC4, 0xFAC4, 0xF223, 0xE982, 0xE9C2,
    0xF1E3, 0xF244, 0xF224, 0xF245, 0xF265, 0xF285, 0xE9E4, 0xE1C3, 0xE1E3, 0xE1E4, 0xD9C4, 0xD9A4,
    0xD9A3, 0xD983, 0xD983, 0xE244, 0xEA85, 0xEA85, 0xEAC5, 0xEAA5, 0xE244, 0xEAC5, 0xF388, 0x30C2,
    0x0841, 0x0841, 0x0841, 0x0841, 0x0841, 0x0841, 0x0841, 0x0841, 0x0841, 0x0841, 0x0841, 0x0841,
    0x0841, 0x0841, 0x0841, 0x0841, 0x0841, 0x0841, 0x0841, 0x0841, 0x0841, 0x0841, 0x0841, 0x0841,
    0xA9C5, 0xDAC9, 0xD288, 0xC184, 0xB944, 0xB0E2, 0xB0E2, 0xB0E2, 0xC123, 0xC102, 0xC0E2, 0xB8E2,
    0xB8C2, 0xB8C1, 0xB0A1, 0xB8A1, 0xB8A1, 0xB8C1, 0xB8A1, 0xB0C1, 0xB8C2, 0xB8C1, 0xB8C2, 0xB8C1,
    0xB0A1, 0xA881, 0xA881, 0xB8A1, 0xB8A1, 0xB8A1, 0xA881, 0xA0A1, 0xA0A2, 0xB0C2, 0xC0E2, 0xB8A1,
    0xB8A1, 0xB080, 0xB080, 0xB060, 0xB860, 0xB860, 0xB860, 0xB860, 0xC060, 0xD0A0, 0xC8C0, 0xC8C0,
    0xD0E0, 0xD921, 0xD942, 0xD921, 0xD921, 0xD901, 0xD8E1, 0xD921, 0xE141, 0xD942, 0xD901, 0xD942,
    0xE162, 0xE162, 0xE141, 0xE162, 0xEA03, 0xE9E3, 0xE9E3, 0xE182, 0xE182, 0xE9A2, 0xE9C2, 0xF222,
    0xF2C4, 0xF2C4, 0xF243, 0xF283, 0xF2C4, 0xF2C4, 0xFAC4, 0xF2C4, 0xF283, 0xE9C2, 0xE982, 0xE9C3,
    0xF224, 0xF224, 0xF245, 0xF265, 0xF265, 0xF245, 0xE9C3, 0xE1E3, 0xE1E3, 0xE1E4, 0xD9C4, 0xD983,
    0xD9A3, 0xD9A3, 0xD983, 0xE224, 0xEAA5, 0xEAA5, 0xEAA5, 0xE284, 0xE244, 0xFB27, 0xA265, 0x0841,
    0x0841, 0x0841, 0x0841, 0x0841, 0x0841, 0x0841, 0x0841, 0x0841, 0x0841, 0x0841, 0x0841, 0x0841,
    0x0841, 0x0841, 0x0841, 0x0841, 0x0841, 0x0841, 0x0841, 0x0841, 0x0841, 0x0841, 0x0841, 0x0841,
    0x58E2, 0xE2C9, 0xD2C9, 0xC1C5, 0xB923, 0xB103, 0xB0E2, 0xB0E2, 0xC964, 0xC123, 0xB8E2, 0xB902,
    0xB8C2, 0xB8C1, 0xB8A1, 0xB8C1, 0xB8C1, 0xC0C1, 0xC0C1, 0xC0C1, 0xB8C1, 0xB0C1, 0xB8C1, 0xB0A1,
    0xB8C1, 0xB0A1, 0xB8A1, 0xB081, 0xB0A1, 0xB081, 0xA081, 0x9881, 0xA0A2, 0xB8E2, 0xC102, 0xB8A1,
    0xB8A1, 0xB060, 0xB060, 0xA840, 0xB060, 0xB880, 0xB880, 0xB860, 0xC080, 0xC8A0, 0xC880, 0xC880,
    0xD0C0, 0xD921, 0xD942, 0xD942, 0xD101, 0xD0E1, 0xD921, 0xE121, 0xE121, 0xD922, 0xD901, 0xD922,
    0xE182, 0xE162, 0xE141, 0xE9A2, 0xE9E3, 0xE9E3, 0xE9C3, 0xE161, 0xE162, 0xE162, 0xE9A2, 0xF243,
    0xF243, 0xF202, 0xF223, 0xF223, 0xF263, 0xF2A3, 0xF283, 0xF263, 0xF222, 0xE9C2, 0xE9A2, 0xEA04,
    0xF245, 0xF225, 0xF245, 0xF265, 0xF245, 0xEA04, 0xE9E3, 0xE1E3, 0xE1E3, 0xE1C4, 0xD983, 0xD9A3,
    0xD9A3, 0xD9C3, 0xD983, 0xE224, 0xE285, 0xE284, 0xEAA4, 0xE224, 0xE284, 0xEB27, 0x38C2, 0x0841,
    0x0841, 0x0841, 0x0841, 0x0841, 0x0841, 0x0841, 0x0841, 0x0841, 0x0841, 0x0841, 0x0841, 0x0841,
    0x0841, 0x0841, 0x0841, 0x0841, 0x0841, 0x0841, 0x0841, 0x0841, 0x0841, 0x0841, 0x0841, 0x0841,
    0x1841, 0xC227, 0xDAA9, 0xCA07, 0xB923, 0xB123, 0xB103, 0xB103, 0xC184, 0xC184, 0xB923, 0xB8E2,
    0xB8E2, 0xB8C1, 0xB0A1, 0xB8C1, 0xC0C1, 0xB8C1, 0xC0C1, 0xC0C1, 0xB8C1, 0xB0A1, 0xB8C1, 0xB0C1,
    0xB8C1, 0xB8A1, 0xB8A1, 0xB080, 0xB0A1, 0xA881, 0x9881, 0x98A2, 0xA0A2, 0xB8E2, 0xC922, 0xB8A1,
    0xB881, 0xB060, 0xB060, 0xB860, 0xB060, 0xB880, 0xB8A1, 0xB880, 0xB880, 0xC8C1, 0xC8A1, 0xC8A0,
    0xC8A0, 0xD101, 0xD122, 0xD942, 0xD122, 0xD0E1, 0xD921, 0xE141, 0xD921, 0xD922, 0xD922, 0xD102,
    0xE142, 0xE162, 0xE182, 0xE9C2, 0xE9C3, 0xE9A2, 0xE9A2, 0xE141, 0xE161, 0xE161, 0xE9A2, 0xF243,
    0xE9C2, 0xE9C2, 0xEA03, 0xF223, 0xF223, 0xF263, 0xF283, 0xF243, 0xF223, 0xE9E2, 0xE9C3, 0xEA04,
    0xF224, 0xF245, 0xF245, 0xEA24, 0xE9C3, 0xE9E3, 0xEA04, 0xE204, 0xE1E4, 0xD9E5, 0xD142, 0xD983,
    0xD9A3, 0xD983, 0xD9A3, 0xE224, 0xE285, 0xE264, 0xE244, 0xDA24, 0xF326, 0x9A04, 0x0841, 0x0841,
    0x0841, 0x0841, 0x0841, 0x0841, 0x0841, 0x0841, 0x0841, 0x0841, 0x0841, 0x0841, 0x0841, 0x0841,
    0x0841, 0x0841, 0x0841, 0x0841, 0x0841, 0x0841, 0x0841, 0x0841, 0x0841, 0x0841, 0x0841, 0x0841,
    0x0841, 0x7143, 0xE288, 0xD268, 0xC185, 0xB123, 0xB944, 0xB923, 0xB944, 0xC1A5, 0xC143, 0xB902,
    0xC102, 0xB902, 0xB8E2, 0xB8E2, 0xB8C1, 0xB8C1, 0xC8E1, 0xC0C1, 0xB0C1, 0xB0A1, 0xB8A1, 0xB8A1,
    0xC0C1, 0xB8C1, 0xB8A1, 0xB881, 0xB081, 0xA881, 0xA881, 0x9881, 0xA0A1, 0xC102, 0xC122, 0xB8A1,
    0xB080, 0xB080, 0xB881, 0xB881, 0xB040, 0xB040, 0xB881, 0xB880, 0xB8A1, 0xC0C1, 0xC0A0, 0xC8E1,
    0xC8C1, 0xC8C0, 0xD0E1, 0xD942, 0xD122, 0xD922, 0xD921, 0xD921, 0xD921, 0xD942, 0xD922, 0xD122,
    0xD101, 0xE182, 0xE9A2, 0xE9C2, 0xE9E3, 0xE9A2, 0xE9C2, 0xE182, 0xE141, 0xE162, 0xE9E3, 0xE9C2,
    0xE9C2, 0xE9C2, 0xE9E2, 0xE9E2, 0xE9E2, 0xF243, 0xF243, 0xEA23, 0xF263, 0xF224, 0xEA04, 0xEA25,
    0xE9E3, 0xE9E4, 0xE9E4, 0xEA04, 0xE9E4, 0xE9E3, 0xEA04, 0xE225, 0xE225, 0xDA05, 0xD122, 0xD962,
    0xD9A3, 0xD983, 0xD9C3, 0xD9E3, 0xE264, 0xE284, 0xDA03, 0xE2C5, 0xE306, 0x2881, 0x0841, 0x0841,
    0x0841, 0x0841, 0x0841, 0x0841, 0x0841, 0x0841, 0x0841, 0x0841, 0x0841, 0x0841, 0x0841, 0x0841,
    0x0841, 0x0841, 0x0841, 0x0841, 0x0841, 0x0841, 0x0841, 0x0841, 0x0841, 0x0841, 0x0841, 0x0841,
    0x0841, 0x2061, 0xCA27, 0xD288, 0xCA06, 0xB924, 0xB964, 0xB944, 0xB923, 0xB943, 0xB923, 0xC123,
    0xC143, 0xC123, 0xB8E2, 0xB8C2, 0xC0E2, 0xC0E1, 0xC902, 0xC0E1, 0xB0A1, 0xB0A1, 0xB8A1, 0xB8C1,
    0xC0C1, 0xB8A1, 0xC0C1, 0xB8C1, 0xB081, 0xA881, 0xA881, 0x9881, 0xA0A2, 0xC102, 0xC122, 0xB8C1,
    0xB881, 0xB081, 0xB081, 0xB060, 0xB060, 0xB060, 0xB881, 0xB881, 0xB881, 0xB881, 0xC0A1, 0xC8E2,
    0xC8E1, 0xC8A0, 0xD0E1, 0xD963, 0xD942, 0xD122, 0xD122, 0xD921, 0xD101, 0xD122, 0xD102, 0xD102,
    0xD102, 0xE182, 0xE1A2, 0xE982, 0xE9C3, 0xE182, 0xE121, 0xE141, 0xD921, 0xE162, 0xE1A3, 0xE1A2,
    0xE9C2, 0xE9E2, 0xEA03, 0xEA02, 0xE9E2, 0xEA03, 0xF223, 0xF243, 0xF284, 0xEA25, 0xEA25, 0xEA05,
    0xEA04, 0xE9C4, 0xE9C3, 0xE9E4, 0xEA04, 0xEA25, 0xE245, 0xE225, 0xE245, 0xD9E5, 0xD122, 0xD983,
    0xD983, 0xD962, 0xD9A3, 0xD9E3, 0xE244, 0xE244, 0xDA03, 0xF306, 0x7962, 0x0841, 0x0841, 0x0841,
    0x0841, 0x0841, 0x0841, 0x0841, 0x0841, 0x0841, 0x0841, 0x0841, 0x0841, 0x0841, 0x0841, 0x0841,
    0x0841, 0x0841, 0x0841, 0x0841, 0x0841, 0x0841, 0x0841, 0x0841, 0x0841, 0x0841, 0x0841, 0x0841,
    0x0841, 0x0841, 0x8984, 0xDA88, 0xCA47, 0xC185, 0xB964, 0xB964, 0xB964, 0xB103, 0xB0C2, 0xB923,
    0xC143, 0xB8E2, 0xB8C2, 0xB8A1, 0xC102, 0xC102, 0xC0E2, 0xC0C1, 0xB8A1, 0xB8A1, 0xB8C1, 0xC0E1,
    0xC0C1, 0xC0C1, 0xC102, 0xC0E2, 0xB081, 0xA881, 0xA8C2, 0xA0A2, 0xA0A2, 0xC123, 0xC102, 0xB8E2,
    0xB8A1, 0xB8A1, 0xB060, 0xB060, 0xB060, 0xB060, 0xB881, 0xB881, 0xB8A1, 0xB8A1, 0xC0A1, 0xC8A1,
    0xC8A0, 0xC8A0, 0xD101, 0xD963, 0xD942, 0xD122, 0xD122, 0xD922, 0xD121, 0xD102, 0xD0E1, 0xD102,
    0xD102, 0xD921, 0xE161, 0xE182, 0xE1A2, 0xE161, 0xD901, 0xD921, 0xD921, 0xD941, 0xD983, 0xE1C3,
    0xE9E2, 0xEA23, 0xEA23, 0xEA23, 0xEA23, 0xEA23, 0xEA43, 0xF243, 0xEA45, 0xE246, 0xE226, 0xEA25,
    0xE226, 0xE225, 0xE9C3, 0xE9E4, 0xE1E4, 0xE246, 0xE2A7, 0xE245, 0xE246, 0xD9C4, 0xD102, 0xD122,
    0xD122, 0xD162, 0xD9A3, 0xDA24, 0xE264, 0xDA23, 0xEAA5, 0xC264, 0x1041, 0x0841, 0x0841, 0x0841,
    0x0841, 0x0841, 0x0841, 0x0841, 0x0841, 0x0841, 0x0841, 0x0841, 0x0841, 0x0841, 0x0841, 0x0841,
    0x0841, 0x0841, 0x0841, 0x0841, 0x0841, 0x0841, 0x0841, 0x0841, 0x0841, 0x0841, 0x0841, 0x0841,
    0x0841, 0x0841, 0x3081, 0xD267, 0xD268, 0xCA27, 0xB964, 0xB984, 0xB964, 0xB103, 0xA8C2, 0xB0E2,
    0xC164, 0xC102, 0xC0E2, 0xB8C1, 0xC923, 0xC122, 0xC0E2, 0xC0E1, 0xB8C1, 0xC0C1, 0xC0E2, 0xC0E2,
    0xC0C1, 0xC922, 0xC923, 0xC923, 0xB8A1, 0xA8A2, 0xA8E2, 0xA0A2, 0xA0C2, 0xC143, 0xC102, 0xB8E2,
    0xB8C2, 0xB0A1, 0xA860, 0xB081, 0xB081, 0xB081, 0xB0A1, 0xB081, 0xB080, 0xB881, 0xB8A1, 0xC0A0,
    0xC8A0, 0xC8C1, 0xD101, 0xD122, 0xD943, 0xD122, 0xD122, 0xD122, 0xD122, 0xD102, 0xC8E1, 0xC8E1,
    0xD101, 0xD101, 0xD0E1, 0xD921, 0xD921, 0xD921, 0xD941, 0xE141, 0xD921, 0xD921, 0xD983, 0xEA03,
    0xEA23, 0xEA23, 0xEA43, 0xF243, 0xEA23, 0xEA23, 0xEA23, 0xEA24, 0xE205, 0xE266, 0xE225, 0xE225,
    0xE287, 0xE246, 0xE205, 0xE1A3, 0xE225, 0xE246, 0xE266, 0xE266, 0xE246, 0xC943, 0xC902, 0xC902,
    0xC942, 0xD163, 0xD183, 0xE244, 0xE224, 0xDA44, 0xEAC5, 0x38A1, 0x0841, 0x0841, 0x0841, 0x0841,
    0x0841, 0x0841, 0x0841, 0x0841, 0x0841, 0x0841, 0x0841, 0x0841, 0x0841, 0x0841, 0x0841, 0x0841,
    0x0841, 0x0841, 0x0841, 0x0841, 0x0841, 0x0841, 0x0841, 0x0841, 0x0841, 0x0841, 0x0841, 0x0841,
    0x0841, 0x0841, 0x0841, 0x8964, 0xE2A8, 0xD268, 0xC9E6, 0xB985, 0xB964, 0xB964, 0xB103, 0xB0E2,
    0xC164, 0xC102, 0xC0E2, 0xC0E1, 0xC102, 0xC922, 0xC0E2, 0xC0E2, 0xC102, 0xC102, 0xC102, 0xC102,
    0xC922, 0xC943, 0xC943, 0xD143, 0xB8E2, 0xB0E2, 0xB0E3, 0xA0A2, 0xA0C2, 0xC943, 0xC123, 0xC102,
    0xB8C2, 0xA881, 0xB060, 0xB081, 0xB0A1, 0xB081, 0xB081, 0xB081, 0xB081, 0xB081, 0xB8A1, 0xC0A0,
    0xC0A0, 0xC901, 0xC8E1, 0xD102, 0xD122, 0xD102, 0xC8E1, 0xD122, 0xD122, 0xD102, 0xC902, 0xC8C1,
    0xD0C0, 0xD0E1, 0xD101, 0xD0E1, 0xD8E1, 0xD901, 0xD921, 0xD921, 0xD101, 0xD963, 0xD9A3, 0xE9E2,
    0xEA23, 0xEA02, 0xEA43, 0xEA64, 0xEA23, 0xEA03, 0xEA04, 0xE225, 0xE246, 0xE266, 0xE225, 0xE266,
    0xE2A7, 0xE287, 0xE246, 0xE1E5, 0xE225, 0xE225, 0xE266, 0xE2C7, 0xDA05, 0xC902, 0xC0E1, 0xC102,
    0xC943, 0xC943, 0xD1A3, 0xE244, 0xDA03, 0xF2E5, 0x7963, 0x0841, 0x0841, 0x0841, 0x0841, 0x0841,
    0x0841, 0x0841, 0x0841, 0x0841, 0x0841, 0x0841, 0x0841, 0x0841, 0x0841, 0x0841, 0x0841, 0x0841,
    0x0841, 0x0841, 0x0841, 0x0841, 0x0841, 0x0841, 0x0841, 0x0841, 0x0841, 0x0841, 0x0841, 0x0841,
    0x0841, 0x0841, 0x0841, 0x2861, 0xCA47, 0xD288, 0xD268, 0xC1A5, 0xB984, 0xB964, 0xB123, 0xB103,
    0xB103, 0xC102, 0xC0E2, 0xB8C1, 0xC0C1, 0xC102, 0xC0E2, 0xC102, 0xC922, 0xC922, 0xC102, 0xC943,
    0xC943, 0xC943, 0xD163, 0xC963, 0xB0C2, 0xB103, 0xB923, 0xA0C2, 0xA8E2, 0xC143, 0xC123, 0xC102,
    0xB0A1, 0xB0A1, 0xA881, 0xB081, 0xB0A1, 0xB081, 0xB080, 0xB081, 0xB0A1, 0xB0A1, 0xB081, 0xB8A1,
    0xC0A1, 0xC8E1, 0xC8E1, 0xC8E1, 0xC8A0, 0xC8E1, 0xD0C1, 0xD0E1, 0xD122, 0xC902, 0xD102, 0xC8E1,
    0xD0C1, 0xD0E1, 0xD101, 0xD901, 0xD101, 0xD8E1, 0xD901, 0xD901, 0xD982, 0xE1C3, 0xD941, 0xE161,
    0xE1A2, 0xEA23, 0xEA43, 0xEA63, 0xEA43, 0xEA04, 0xE204, 0xE225, 0xE266, 0xE225, 0xE266, 0xE2A7,
    0xE287, 0xDA87, 0xDA46, 0xDA05, 0xDA46, 0xE246, 0xE287, 0xE2A7, 0xD1A4, 0xC0E2, 0xC0C1, 0xC0E2,
    0xC943, 0xC963, 0xDA24, 0xDA04, 0xEA85, 0xA9E3, 0x0841, 0x0841, 0x0841, 0x0841, 0x0841, 0x0841,
    0x0841, 0x0841, 0x0841, 0x0841, 0x0841, 0x0841, 0x0841, 0x0841, 0x0841, 0x0841, 0x0841, 0x0841,
    0x0841, 0x0841, 0x0841, 0x0841, 0x0841, 0x0841, 0x0841, 0x0841, 0x0841, 0x0841, 0x0841, 0x0841,
    0x0841, 0x0841, 0x0841, 0x0841, 0x7123, 0xDA68, 0xD247, 0xCA26, 0xC185, 0xB944, 0xB944, 0xB123,
    0xB103, 0xB8E2, 0xC102, 0xB8E2, 0xB8A1, 0xC0C1, 0xC0E2, 0xC0C1, 0xC0E1, 0xC102, 0xC922, 0xC963,
    0xD143, 0xD163, 0xD183, 0xC122, 0xB0E2, 0xB923, 0xB944, 0xA0E2, 0xA8E2, 0xC144, 0xC143, 0xC102,
    0xA8A1, 0xB0C2, 0xA881, 0xB081, 0xB081, 0xB081, 0xB0A1, 0xB0A1, 0xA860, 0xA881, 0xB0A1, 0xB8C1,
    0xB8A1, 0xC0A0, 0xC8A0, 0xC8A1, 0xC8A0, 0xC8A0, 0xC8A0, 0xD0C0, 0xD0E1, 0xD102, 0xD122, 0xC8C1,
    0xD0C0, 0xD0C0, 0xD901, 0xD921, 0xD941, 0xE1A2, 0xE1C2, 0xD981, 0xE1E2, 0xE1A2, 0xD941, 0xE161,
    0xE161, 0xEA44, 0xEA64, 0xEA44, 0xEA24, 0xEA04, 0xE204, 0xE204, 0xE266, 0xE266, 0xE2A7, 0xE2A7,
    0xDA26, 0xDA46, 0xE226, 0xDA26, 0xDA46, 0xE266, 0xE287, 0xDA66, 0xC123, 0xB8E2, 0xB8E2, 0xB902,
    0xC963, 0xD1C3, 0xDA44, 0xE264, 0xCA44, 0x2061, 0x0841, 0x0841, 0x0841, 0x0841, 0x0841, 0x0841,
    0x0841, 0x0841, 0x0841, 0x0841, 0x0841, 0x0841, 0x0841, 0x0841, 0x0841, 0x0841, 0x0841, 0x0841,
    0x0841, 0x0841, 0x0841, 0x0841, 0x0841, 0x0841, 0x0841, 0x0841, 0x0841, 0x0841, 0x0841, 0x0841,
    0x0841, 0x0841, 0x0841, 0x0841, 0x1041, 0xBA06, 0xD267, 0xCA47, 0xCA06, 0xB964, 0xB944, 0xB124,
    0xB103, 0xB103, 0xB8E2, 0xB8E2, 0xB8C1, 0xB8A1, 0xB8A1, 0xC0C1, 0xC0E2, 0xC102, 0xC902, 0xC943,
    0xC963, 0xC963, 0xD163, 0xC102, 0xB902, 0xB923, 0xB943, 0xB123, 0xA8E2, 0xC164, 0xC143, 0xC102,
    0xB8E2, 0xB0C2, 0xA081, 0xB081, 0xB081, 0xB081, 0xB8C2, 0xB0A1, 0xA860, 0xA860, 0xB081, 0xB0A1,
    0xB881, 0xC0A0, 0xC0A0, 0xC0A0, 0xC8C1, 0xC8A0, 0xC8A0, 0xD0C1, 0xC8C0, 0xD0E1, 0xD102, 0xC8E1,
    0xD0C0, 0xD101, 0xD921, 0xD901, 0xD981, 0xE202, 0xE223, 0xE203, 0xE1E2, 0xD982, 0xD962, 0xD941,
    0xD941, 0xEA44, 0xEA44, 0xEA44, 0xEA04, 0xEA24, 0xEA04, 0xEA25, 0xE1E4, 0xE225, 0xE246, 0xE205,
    0xE205, 0xE225, 0xE225, 0xE246, 0xE226, 0xE286, 0xE2C6, 0xD1E5, 0xB8E2, 0xB902, 0xB8E2, 0xC942,
    0xD183, 0xDA24, 0xDA85, 0xE285, 0x40A1, 0x0841, 0x0841, 0x0841, 0x0841, 0x0841, 0x0841, 0x0841,
    0x0841, 0x0841, 0x0841, 0x0841, 0x0841, 0x0841, 0x0841, 0x0841, 0x0841, 0x0841, 0x0841, 0x0841,
    0x0841, 0x0841, 0x0841, 0x0841, 0x0841, 0x0841, 0x0841, 0x0841, 0x0841, 0x0841, 0x0841, 0x0841,
    0x0841, 0x0841, 0x0841, 0x0841, 0x0841, 0x48C2, 0xE2A8, 0xD268, 0xD247, 0xC9E6, 0xB944, 0xB124,
    0xB123, 0xB123, 0xB103, 0xB8E2, 0xB902, 0xB8E2, 0xB8C1, 0xB8C1, 0xC0E2, 0xC0E2, 0xC0E2, 0xC902,
    0xC943, 0xC943, 0xC922, 0xC102, 0xB902, 0xB943, 0xC143, 0xB123, 0xB103, 0xC185, 0xC164, 0xC123,
    0xB903, 0xB8E2, 0xA8C2, 0xA8A1, 0xB0A1, 0xA881, 0xB0A1, 0xB081, 0xB0A1, 0xB081, 0xA860, 0xA861,
    0xB881, 0xB880, 0xC080, 0xC0A0, 0xC0A1, 0xC0A1, 0xC8C1, 0xC8C1, 0xC8E1, 0xC8E1, 0xD101, 0xD101,
    0xC8C0, 0xD101, 0xD101, 0xD921, 0xD921, 0xD9C2, 0xE203, 0xE1E2, 0xD982, 0xD961, 0xD961, 0xD921,
    0xD961, 0xE182, 0xE182, 0xE1A2, 0xE1E3, 0xE1E3, 0xE1C3, 0xE1C3, 0xE1A3, 0xE1E3, 0xE1E4, 0xE1E4,
    0xE1E4, 0xE205, 0xD9E4, 0xE205, 0xE225, 0xE2A6, 0xE2C6, 0xC143, 0xB8E2, 0xB902, 0xC122, 0xC963,
    0xD1C3, 0xD264, 0xEAA5, 0x6902, 0x0841, 0x0841, 0x0841, 0x0841, 0x0841, 0x0841, 0x0841, 0x0841,
    0x0841, 0x0841, 0x0841, 0x0841, 0x0841, 0x0841, 0x0841, 0x0841, 0x0841, 0x0841, 0x0841, 0x0841,
    0x0841, 0x0841, 0x0841, 0x0841, 0x0841, 0x0841, 0x0841, 0x0841, 0x0841, 0x0841, 0x0841, 0x0841,
    0x0841, 0x0841, 0x0841, 0x0841, 0x0841, 0x0841, 0x8984, 0xE2E9, 0xD267, 0xD247, 0xC185, 0xB923,
    0xB924, 0xB123, 0xB124, 0xB0E2, 0xB902, 0xB8E2, 0xB8C2, 0xB0A1, 0xB0C1, 0xC0E2, 0xC0E2, 0xC102,
    0xC102, 0xC102, 0xC102, 0xC102, 0xB922, 0xC143, 0xC143, 0xB943, 0xB103, 0xC184, 0xC1A5, 0xC164,
    0xB903, 0xB8E2, 0xA8C2, 0xB0A1, 0xB0C2, 0xA8C2, 0xA8A1, 0xA881, 0xB081, 0xB0A1, 0xB081, 0xB081,
    0xB081, 0xB081, 0xC0A0, 0xC0C1, 0xC0C1, 0xC0E2, 0xC0E2, 0xC8E1, 0xC901, 0xC922, 0xD0E1, 0xC8E1,
    0xC8C0, 0xD101, 0xD101, 0xD101, 0xD0E0, 0xD101, 0xD141, 0xD961, 0xD941, 0xD901, 0xD901, 0xD901,
    0xD941, 0xD961, 0xE141, 0xE9C3, 0xEA24, 0xE1C3, 0xE1C3, 0xE1A3, 0xE1C3, 0xE1C3, 0xE1C3, 0xE1C3,
    0xE1A3, 0xD9A3, 0xD9C4, 0xE1E4, 0xE245, 0xEAC5, 0xDA25, 0xB8E2, 0xC102, 0xB902, 0xC122, 0xC983,
    0xD265, 0xEAC5, 0x7942, 0x0841, 0x0841, 0x0841, 0x0841, 0x0841, 0x0841, 0x0841, 0x0841, 0x0841,
    0x0841, 0x0841, 0x0841, 0x0841, 0x0841, 0x0841, 0x0841, 0x0841, 0x0841, 0x0841, 0x0841, 0x0841,
    0x0841, 0x0841, 0x0841, 0x0841, 0x0841, 0x0841, 0x0841, 0x0841, 0x0841, 0x0841, 0x0841, 0x0841,
    0x0841, 0x0841, 0x0841, 0x0841, 0x0841, 0x0841, 0x1041, 0xB226, 0xDAC9, 0xD267, 0xD227, 0xC185,
    0xB924, 0xB923, 0xB123, 0xB123, 0xB0E2, 0xB0E2, 0xB0C2, 0xB0A1, 0xB0A1, 0xC0C2, 0xC102, 0xB8E2,
    0xB8E2, 0xC0E2, 0xB8E2, 0xB8E2, 0xC143, 0xC143, 0xB943, 0xB943, 0xA903, 0xC185, 0xC9A5, 0xC164,
    0xC103, 0xB8E2, 0xB0C2, 0xB0A1, 0xB0C2, 0xB0C2, 0xB0E2, 0xB0A1, 0xA881, 0xA881, 0xA881, 0xB0A1,
    0xB0A1, 0xB0A1, 0xB8C1, 0xB8A1, 0xB880, 0xC0C1, 0xC102, 0xC902, 0xC8C1, 0xC8E1, 0xC8C0, 0xC8A0,
    0xC8A0, 0xC8C0, 0xC8E1, 0xC8C0, 0xC8C0, 0xC8A0, 0xD0C0, 0xD121, 0xD101, 0xD0E0, 0xD0E0, 0xD101,
    0xD941, 0xD921, 0xE162, 0xEA24, 0xEA03, 0xE1E3, 0xE1A3, 0xE1A3, 0xE1C3, 0xE1E4, 0xE1A3, 0xE1A3,
    0xD983, 0xD983, 0xE1E4, 0xE204, 0xE265, 0xE285, 0xC984, 0xB8E2, 0xB902, 0xC0E2, 0xC963, 0xD265,
    0xEAC6, 0x91A3, 0x0841, 0x0841, 0x0841, 0x0841, 0x0841, 0x0841, 0x0841, 0x0841, 0x0841, 0x0841,
    0x0841, 0x0841, 0x0841, 0x0841, 0x0841, 0x0841, 0x0841, 0x0841, 0x0841, 0x0841, 0x0841, 0x0841,
    0x0841, 0x0841, 0x0841, 0x0841, 0x0841, 0x0841, 0x0841, 0x0841, 0x0841, 0x0841, 0x0841, 0x0841,
    0x0841, 0x0841, 0x0841, 0x0841, 0x0841, 0x0841, 0x0841, 0x2081, 0xC267, 0xDAA8, 0xD247, 0xC9E6,
    0xC164, 0xB944, 0xB923, 0xB124, 0xB103, 0xB0C2, 0xA8C2, 0xA8A1, 0xB0A2, 0xB8C2, 0xB8C2, 0xB0C2,
    0xB0C2, 0xC0E2, 0xC0E2, 0xC102, 0xC143, 0xC163, 0xC184, 0xB123, 0xA903, 0xC185, 0xC984, 0xC164,
    0xC123, 0xB902, 0xB0E2, 0xA8A1, 0xB0A1, 0xB103, 0xB103, 0xB0C2, 0xA8A1, 0xA881, 0xA881, 0xB0A1,
    0xB0A1, 0xB8A1, 0xB0A1, 0xB881, 0xB060, 0xB8C1, 0xC0E1, 0xC0C1, 0xC0C1, 0xC080, 0xC080, 0xC0A0,
    0xC0A0, 0xC0A0, 0xC901, 0xD0E1, 0xC8C0, 0xC8A0, 0xC8C0, 0xD0E1, 0xD0E1, 0xD101, 0xD0E1, 0xD101,
    0xD941, 0xD921, 0xE1C3, 0xE203, 0xE203, 0xE203, 0xD9A3, 0xE1C3, 0xE224, 0xE1E4, 0xE1C3, 0xE1A3,
    0xD983, 0xD9A3, 0xD9C4, 0xE1E4, 0xE285, 0xDA25, 0xB902, 0xB8E2, 0xB8C1, 0xC163, 0xCA05, 0xE2A6,
    0x9983, 0x0841, 0x0841, 0x0841, 0x0841, 0x0841, 0x0841, 0x0841, 0x0841, 0x0841, 0x0841, 0x0841,
    0x0841, 0x0841, 0x0841, 0x0841, 0x0841, 0x0841, 0x0841, 0x0841, 0x0841, 0x0841, 0x0841, 0x0841,
    0x0841, 0x0841, 0x0841, 0x0841, 0x0841, 0x0841, 0x0841, 0x0841, 0x0841, 0x0841, 0x0841, 0x0841,
    0x0841, 0x0841, 0x0841, 0x0841, 0x0841, 0x0841, 0x0841, 0x0841, 0x38A1, 0xD288, 0xD268, 0xCA47,
    0xCA06, 0xC164, 0xB923, 0xB944, 0xB123, 0xB0E2, 0xB0C2, 0xA8A1, 0xB0A2, 0xB0C2, 0xB0C2, 0xB0C2,
    0xB8E2, 0xB0C2, 0xB8E2, 0xC122, 0xC943, 0xC9C4, 0xC9A4, 0xB923, 0xB123, 0xB964, 0xC985, 0xC164,
    0xB923, 0xB902, 0xB0E2, 0xA0A2, 0xA8A1, 0xB0E2, 0xB0E2, 0xB0C2, 0xA8A1, 0xA8A1, 0xA861, 0xA881,
    0xB0A1, 0xB0A1, 0xB8A1, 0xB081, 0xB080, 0xB8C1, 0xC0E2, 0xC0C1, 0xC0C1, 0xC0C1, 0xC8C1, 0xC8A1,
    0xC080, 0xC8E1, 0xC901, 0xC8C0, 0xC8A0, 0xC8A0, 0xC8C0, 0xC8C0, 0xD101, 0xD101, 0xD101, 0xD101,
    0xD101, 0xD9A3, 0xE204, 0xE224, 0xE1E3, 0xE182, 0xD942, 0xD942, 0xE1E3, 0xE1C3, 0xD983, 0xD983,
    0xD162, 0xD983, 0xD983, 0xE225, 0xDA66, 0xC184, 0xB0A1, 0xB8C1, 0xC143, 0xCA25, 0xE2A6, 0x99A3,
    0x0840, 0x0841, 0x0841, 0x0841, 0x0841, 0x0841, 0x0841, 0x0841, 0x0841, 0x0841, 0x0841, 0x0841,
    0x0841, 0x0841, 0x0841, 0x0841, 0x0841, 0x0841, 0x0841, 0x0841, 0x0841, 0x0841, 0x0841, 0x0841,
    0x0841, 0x0841, 0x0841, 0x0841, 0x0841, 0x0841, 0x0841, 0x0841, 0x0841, 0x0841, 0x0841, 0x0841,
    0x0841, 0x0841, 0x0841, 0x0841, 0x0841, 0x0841, 0x0841, 0x0841, 0x0841, 0x40C2, 0xD267, 0xD267,
    0xCA27, 0xC9E6, 0xC164, 0xB923, 0xB923, 0xB103, 0xB0C2, 0xA8A1, 0xB0E2, 0xB0E2, 0xB0E2, 0xB0E2,
    0xB0C2, 0xA8A1, 0xB0C2, 0xB8E2, 0xC123, 0xC984, 0xC184, 0xC143, 0xB103, 0xB124, 0xC185, 0xC984,
    0xC143, 0xB902, 0xB0C2, 0xA8C2, 0xA0A1, 0xB0C2, 0xB0C2, 0xB0A1, 0xB0A1, 0xA881, 0xA881, 0xA881,
    0xB0A1, 0xB081, 0xB081, 0xB081, 0xA8A1, 0xB081, 0xB8A1, 0xB8A1, 0xC0A1, 0xC0E2, 0xC0E1, 0xC0C1,
    0xC0C1, 0xC8E1, 0xC8C1, 0xC8C1, 0xC8A0, 0xD0E1, 0xD101, 0xD142, 0xD942, 0xD122, 0xD121, 0xD101,
    0xD942, 0xE1E4, 0xE1C4, 0xE1E3, 0xD962, 0xD942, 0xD122, 0xD0E1, 0xD942, 0xE1A3, 0xD983, 0xD142,
    0xD142, 0xD142, 0xD9E4, 0xE286, 0xCA06, 0xB8E2, 0xB8A1, 0xB922, 0xC9E5, 0xE286, 0x91A3, 0x0841,
    0x0841, 0x0841, 0x0841, 0x0841, 0x0841, 0x0841, 0x0841, 0x0841, 0x0841, 0x0841, 0x0841, 0x0841,
    0x0841, 0x0841, 0x0841, 0x0841, 0x0841, 0x0841, 0x0841, 0x0841, 0x0841, 0x0841, 0x0841, 0x0841,
    0x0841, 0x0841, 0x0841, 0x0841, 0x0841, 0x0841, 0x0841, 0x0841, 0x0841, 0x0841, 0x0841, 0x0841,
    0x0841, 0x0841, 0x0841, 0x0841, 0x0841, 0x0841, 0x0841, 0x0841, 0x0841, 0x0841, 0x40C2, 0xD247,
    0xD268, 0xCA26, 0xC9E6, 0xB944, 0xB923, 0xB123, 0xB0E3, 0xB0C2, 0xB0C2, 0xB903, 0xB0E2, 0xB103,
    0xA8C2, 0xA881, 0xB0E2, 0xB0C2, 0xB923, 0xC163, 0xC183, 0xC163, 0xB103, 0xB123, 0xC164, 0xC985,
    0xC143, 0xB902, 0xB0C2, 0xA8C2, 0x98A2, 0xB0C2, 0xB903, 0xB0A1, 0xB0A1, 0xB0A1, 0xA881, 0xA081,
    0xA881, 0xA881, 0xA881, 0xB0A1, 0xA8A2, 0xB0A1, 0xB8A1, 0xC0A1, 0xC0E2, 0xC0E2, 0xC0C1, 0xC0E2,
    0xC902, 0xC0C1, 0xC0A0, 0xC8C1, 0xD0E1, 0xD101, 0xD101, 0xD142, 0xD142, 0xD121, 0xD121, 0xD122,
    0xD9A3, 0xD963, 0xD101, 0xD101, 0xD962, 0xD122, 0xD101, 0xD102, 0xD962, 0xD9A3, 0xD962, 0xD122,
    0xD142, 0xD9A3, 0xE286, 0xD246, 0xB943, 0xB0C1, 0xB902, 0xC9A4, 0xE266, 0x8163, 0x0841, 0x0841,
    0x0841, 0x0841, 0x0841, 0x0841, 0x0841, 0x0841, 0x0841, 0x0841, 0x0841, 0x0841, 0x0841, 0x0841,
    0x0841, 0x0841, 0x0841, 0x0841, 0x0841, 0x0841, 0x0841, 0x0841, 0x0841, 0x0841, 0x0841, 0x0841,
    0x0841, 0x0841, 0x0841, 0x0841, 0x0841, 0x0841, 0x0841, 0x0841, 0x0841, 0x0841, 0x0841, 0x0841,
    0x0841, 0x0841, 0x0841, 0x0841, 0x0841, 0x0841, 0x0841, 0x0841, 0x0841, 0x0841, 0x0841, 0x38A2,
    0xC227, 0xDA68, 0xCA47, 0xCA06, 0xB924, 0xB103, 0xB0E3, 0xB923, 0xB0E2, 0xB0E2, 0xB923, 0xB923,
    0xB903, 0xB0C2, 0xB0C2, 0xA8A2, 0xB903, 0xC163, 0xC163, 0xC143, 0xB103, 0xB123, 0xB944, 0xC184,
    0xC123, 0xB923, 0xB0E2, 0xA8C2, 0xA0A2, 0xA8C2, 0xB903, 0xB902, 0xB0A1, 0xB0A1, 0xA881, 0xA881,
    0xA881, 0xA881, 0xA881, 0xB0A1, 0xB0A1, 0xB0A1, 0xB0A1, 0xB8C1, 0xC102, 0xC0C1, 0xC0E2, 0xC0E2,
    0xC0C1, 0xC0A1, 0xC0A1, 0xC8E1, 0xD101, 0xD102, 0xD101, 0xC901, 0xD101, 0xD102, 0xD122, 0xD143,
    0xD122, 0xD101, 0xD0C1, 0xD122, 0xD142, 0xC901, 0xD122, 0xD142, 0xD983, 0xD983, 0xD142, 0xD142,
    0xD163, 0xE245, 0xDA66, 0xC1A5, 0xB0E2, 0xB0E2, 0xC164, 0xDA05, 0x6922, 0x0841, 0x0841, 0x0841,
    0x0841, 0x0841, 0x0841, 0x0841, 0x0841, 0x0841, 0x0841, 0x0841, 0x0841, 0x0841, 0x0841, 0x0841,
    0x0841, 0x0841, 0x0841, 0x0841, 0x0841, 0x0841, 0x0841, 0x0841, 0x0841, 0x0841, 0x0841, 0x0841,
    0x0841, 0x0841, 0x0841, 0x0841, 0x0841, 0x0841, 0x0841, 0x0841, 0x0841, 0x0841, 0x0841, 0x0841,
    0x0841, 0x0841, 0x0841, 0x0841, 0x0841, 0x0841, 0x0841, 0x0841, 0x0841, 0x0841, 0x0841, 0x0841,
    0x2881, 0xB206, 0xE2A8, 0xD288, 0xCA06, 0xB123, 0xB103, 0xB123, 0xB964, 0xB923, 0xB903, 0xB923,
    0xB923, 0xB0E3, 0xB0C2, 0xB0C2, 0xB0C2, 0xB923, 0xB923, 0xB902, 0xB102, 0xB123, 0xB144, 0xB964,
    0xB903, 0xC123, 0xB902, 0xB0C2, 0xB0C2, 0xB0A1, 0xB8E2, 0xB902, 0xB0C2, 0xB0C1, 0xB0A1, 0xA881,
    0xA881, 0xA881, 0xA881, 0xB0C1, 0xB0A1, 0xB081, 0xB081, 0xB8C1, 0xC102, 0xB8C1, 0xC0C1, 0xB8A1,
    0xB8A1, 0xC0A1, 0xC0C1, 0xD102, 0xC902, 0xC8C1, 0xC0C1, 0xC0E2, 0xC902, 0xD122, 0xD163, 0xC922,
    0xC8E1, 0xD0E1, 0xD0E1, 0xD102, 0xD101, 0xD102, 0xD142, 0xD183, 0xD183, 0xD163, 0xD142, 0xD142,
    0xDA04, 0xDA46, 0xC9A5, 0xA903, 0xB0E2, 0xC164, 0xB184, 0x48C1, 0x0841, 0x0841, 0x0841, 0x0841,
    0x0841, 0x0841, 0x0841, 0x0841, 0x0841, 0x0841, 0x0841, 0x0841, 0x0841, 0x0841, 0x0841, 0x0841,
    0x0841, 0x0841, 0x0841, 0x0841, 0x0841, 0x0841, 0x0841, 0x0841, 0x0841, 0x0841, 0x0841, 0x0841,
    0x0841, 0x0841, 0x0841, 0x0841, 0x0841, 0x0841, 0x0841, 0x0841, 0x0841, 0x0841, 0x0841, 0x0841,
    0x0841, 0x0841, 0x0841, 0x0841, 0x0841, 0x0841, 0x0841, 0x0841, 0x0841, 0x0841, 0x0841, 0x0841,
    0x0841, 0x1041, 0x8964, 0xDAA8, 0xDAC9, 0xC1E6, 0xB123, 0xB923, 0xB964, 0xC1A5, 0xB923, 0xB123,
    0xB923, 0xB923, 0xB903, 0xB0E2, 0xA8C2, 0xA8C2, 0xB902, 0xB0E2, 0xB0E2, 0xA903, 0xA923, 0xB964,
    0xC144, 0xB903, 0xB903, 0xB8E2, 0xB0C2, 0xB0A1, 0xB0C2, 0xB923, 0xB8E2, 0xB0C2, 0xB0C2, 0xA8A1,
    0xA081, 0xA881, 0xA881, 0xB0A1, 0xA881, 0xB081, 0xB8A1, 0xC0E1, 0xB8C1, 0xB8C2, 0xB8C1, 0xB8A1,
    0xB8A1, 0xB8A0, 0xC0E1, 0xC902, 0xC0E1, 0xC0C1, 0xC0C1, 0xC902, 0xC902, 0xC922, 0xC902, 0xC8E1,
    0xC0C1, 0xC8C1, 0xC8E1, 0xD0E1, 0xD122, 0xD122, 0xD163, 0xD1A4, 0xD163, 0xD183, 0xD143, 0xD9C4,
    0xDA45, 0xC9C5, 0xB164, 0xB102, 0xB943, 0x8102, 0x1861, 0x0841, 0x0841, 0x0841, 0x0841, 0x0841,
    0x0841, 0x0841, 0x0841, 0x0841, 0x0841, 0x0841, 0x0841, 0x0841, 0x0841, 0x0841, 0x0841, 0x0841,
    0x0841, 0x0841, 0x0841, 0x0841, 0x0841, 0x0841, 0x0841, 0x0841, 0x0841, 0x0841, 0x0841, 0x0841,
    0x0841, 0x0841, 0x0841, 0x0841, 0x0841, 0x0841, 0x0841, 0x0841, 0x0841, 0x0841, 0x0841, 0x0841,
    0x0841, 0x0841, 0x0841, 0x0841, 0x0841, 0x0841, 0x0841, 0x0841, 0x0841, 0x0841, 0x0841, 0x0841,
    0x0841, 0x0841, 0x0841, 0x48C2, 0xBA26, 0xE2A8, 0xC9E6, 0xB944, 0xB123, 0xB984, 0xC1A5, 0xB944,
    0xB943, 0xB943, 0xB923, 0xB0E2, 0xA8C2, 0xA8A1, 0xB0C2, 0xA8C2, 0xA8A1, 0xA8C2, 0xA924, 0xB944,
    0xC164, 0xB923, 0xB903, 0xB902, 0xB0C2, 0xB0C1, 0xB0C2, 0xB903, 0xB902, 0xB8E2, 0xB0C2, 0xA881,
    0xA881, 0xA881, 0xA881, 0xB081, 0xB081, 0xB8A1, 0xB8C1, 0xB8C2, 0xB8C1, 0xB8C1, 0xB8A1, 0xB8A1,
    0xB8A1, 0xC0C1, 0xC0E1, 0xC0C1, 0xB8C1, 0xB8C1, 0xC102, 0xC923, 0xC923, 0xC923, 0xC8E1, 0xC0C1,
    0xC0C1, 0xC8C1, 0xC8E1, 0xD101, 0xD142, 0xD142, 0xD183, 0xD1A4, 0xD1A4, 0xD163, 0xD1A4, 0xDA45,
    0xD205, 0xC1A4, 0xA903, 0x80E2, 0x3881, 0x0841, 0x0841, 0x0841, 0x0841, 0x0841, 0x0841, 0x0841,
    0x0841, 0x0841, 0x0841, 0x0841, 0x0841, 0x0841, 0x0841, 0x0841, 0x0841, 0x0841, 0x0841, 0x0841,
    0x0841, 0x0841, 0x0841, 0x0841, 0x0841, 0x0841, 0x0841, 0x0841, 0x0841, 0x0841, 0x0841, 0x0841,
    0x0841, 0x0841, 0x0841, 0x0841, 0x0841, 0x0841, 0x0841, 0x0841, 0x0841, 0x0841, 0x0841, 0x0841,
    0x0841, 0x0841, 0x0841, 0x0841, 0x0841, 0x0841, 0x0841, 0x0841, 0x0841, 0x0841, 0x0841, 0x0841,
    0x0841, 0x0841, 0x0841, 0x0841, 0x1841, 0x8143, 0xCA27, 0xD227, 0xB984, 0xB944, 0xC185, 0xB944,
    0xB903, 0xB944, 0xB944, 0xB903, 0xB0E2, 0xA0A1, 0xA8A1, 0xA8A2, 0xA8A1, 0xA0A2, 0xA0E3, 0xB944,
    0xC164, 0xC163, 0xB902, 0xB902, 0xB8E2, 0xB8E2, 0xB103, 0xB124, 0xB923, 0xB8E2, 0xA8C2, 0xA8A1,
    0xA8A1, 0xB081, 0xB081, 0xA881, 0xA881, 0xB0A1, 0xB8E2, 0xB0C2, 0xB0A1, 0xB8A1, 0xB8A1, 0xB8A1,
    0xB8A1, 0xB8A1, 0xB8A1, 0xC0C1, 0xB8C1, 0xB8A1, 0xC102, 0xD163, 0xC923, 0xC923, 0xC8E2, 0xC0C1,
    0xC0C1, 0xC8C1, 0xC8E1, 0xD122, 0xD162, 0xC922, 0xC964, 0xC9A5, 0xC9A4, 0xD1C4, 0xCA05, 0xDA05,
    0xB9A4, 0x68C2, 0x2861, 0x0841, 0x0841, 0x0841, 0x0841, 0x0841, 0x0841, 0x0841, 0x0841, 0x0841,
    0x0841, 0x0841, 0x0841, 0x0841, 0x0841, 0x0841, 0x0841, 0x0841, 0x0841, 0x0841, 0x0841, 0x0841,
    0x0841, 0x0841, 0x0841, 0x0841, 0x0841, 0x0841, 0x0841, 0x0841, 0x0841, 0x0841, 0x0841, 0x0841,
    0x0841, 0x0841, 0x0841, 0x0841, 0x0841, 0x0841, 0x0841, 0x0841, 0x0841, 0x0841, 0x0841, 0x0841,
    0x0841, 0x0841, 0x0841, 0x0841, 0x0841, 0x0841, 0x0841, 0x0841, 0x0841, 0x0841, 0x0841, 0x0841,
    0x0841, 0x0841, 0x0841, 0x0841, 0x0841, 0x0841, 0x3081, 0x8984, 0xD226, 0xDA67, 0xC1A5, 0xB944,
    0xB923, 0xC184, 0xC184, 0xB923, 0xB903, 0xB0E3, 0xA0A1, 0xA0A2, 0xA0A2, 0xA0C2, 0x98C2, 0xA923,
    0xC164, 0xC984, 0xC143, 0xB923, 0xB903, 0xB8E2, 0xB103, 0xB144, 0xB944, 0xB103, 0xB0C2, 0xB0C2,
    0xB0C2, 0xB0A1, 0xB0A1, 0xB0A1, 0xA881, 0xA881, 0xB0A1, 0xB0A1, 0xB0A1, 0xB0A1, 0xB0A1, 0xB0A1,
    0xB081, 0xB081, 0xB8A1, 0xB8C1, 0xB081, 0xB8C1, 0xC943, 0xC923, 0xC923, 0xC902, 0xC0E2, 0xC0E1,
    0xC0C1, 0xC902, 0xD142, 0xD143, 0xD143, 0xC164, 0xC184, 0xC984, 0xC984, 0xC9C5, 0xD9E5, 0xB184,
    0x2061, 0x0841, 0x0841, 0x0841, 0x0841, 0x0841, 0x0841, 0x0841, 0x0841, 0x0841, 0x0841, 0x0841,
    0x0841, 0x0841, 0x0841, 0x0841, 0x0841, 0x0841, 0x0841, 0x0841, 0x0841, 0x0841, 0x0841, 0x0841,
    0x0841, 0x0841, 0x0841, 0x0841, 0x0841, 0x0841, 0x0841, 0x0841, 0x0841, 0x0841, 0x0841, 0x0841,
    0x0841, 0x0841, 0x0841, 0x0841, 0x0841, 0x0841, 0x0841, 0x0841, 0x0841, 0x0841, 0x0841, 0x0841,
    0x0841, 0x0841, 0x0841, 0x0841, 0x0841, 0x0841, 0x0841, 0x0841, 0x0841, 0x0841, 0x0841, 0x0841,
    0x0841, 0x0841, 0x0841, 0x0841, 0x0841, 0x0841, 0x0841, 0x0841, 0x3081, 0x89A4, 0xD247, 0xE247,
    0xDA47, 0xD226, 0xC9E5, 0xB944, 0xB903, 0xB144, 0xA923, 0xA0A2, 0xA0C2, 0x98C2, 0x98C2, 0x98C2,
    0xB144, 0xC164, 0xC964, 0xC103, 0xB8E2, 0xB8E2, 0xB8E2, 0xB0E2, 0xB124, 0xB123, 0xB8E2, 0xB0E2,
    0xB0A1, 0xB081, 0xA881, 0xA8A1, 0xB0A1, 0xB0A1, 0xB0A1, 0xB0A1, 0xB0A1, 0xB0A1, 0xB0A1, 0xB0A1,
    0xB8A1, 0xB8A1, 0xB8A1, 0xB081, 0xB081, 0xB8A1, 0xC102, 0xC922, 0xC902, 0xC902, 0xC0E2, 0xC0C1,
    0xC902, 0xC943, 0xC943, 0xC963, 0xC985, 0xC1A5, 0xC164, 0xC143, 0xC164, 0xD9E5, 0xA163, 0x1841,
    0x0841, 0x0841, 0x0841, 0x0841, 0x0841, 0x0841, 0x0841, 0x0841, 0x0841, 0x0841, 0x0841, 0x0841,
    0x0841, 0x0841, 0x0841, 0x0841, 0x0841, 0x0841, 0x0841, 0x0841, 0x0841, 0x0841, 0x0841, 0x0841,
    0x0841, 0x0841, 0x0841, 0x0841, 0x0841, 0x0841, 0x0841, 0x0841, 0x0841, 0x0841, 0x0841, 0x0841,
    0x0841, 0x0841, 0x0841, 0x0841, 0x0841, 0x0841, 0x0841, 0x0841, 0x0841, 0x0841, 0x0841, 0x0841,
    0x0841, 0x0841, 0x0841, 0x0841, 0x0841, 0x0841, 0x0841, 0x0841, 0x0841, 0x0841, 0x0841, 0x0841,
    0x0841, 0x0841, 0x0841, 0x0841, 0x0841, 0x0841, 0x0841, 0x0841, 0x0841, 0x0841, 0x2881, 0x7143,
    0xB206, 0xDA47, 0xDA26, 0xC1E5, 0xB123, 0xA903, 0xA944, 0xA124, 0xA103, 0x98E3, 0x98E3, 0x90C2,
    0x9923, 0xB984, 0xC164, 0xC963, 0xB902, 0xB902, 0xB0E2, 0xB0E2, 0xB103, 0xA923, 0xB923, 0xB0E2,
    0xB0C2, 0xB0A1, 0xB0C1, 0xB8C2, 0xB0C2, 0xB8C1, 0xB8C2, 0xB0C2, 0xB0A1, 0xA8C2, 0xB0E2, 0xB8E2,
    0xB8C1, 0xB8C1, 0xB0A1, 0xB081, 0xB0A1, 0xB8A1, 0xC0E2, 0xC923, 0xC102, 0xC0E2, 0xC0C1, 0xC0E2,
    0xC943, 0xC964, 0xC163, 0xC184, 0xB964, 0xC143, 0xB903, 0xC144, 0xD1E5, 0x8123, 0x0840, 0x0841,
    0x0841, 0x0841, 0x0841, 0x0841, 0x0841, 0x0841, 0x0841, 0x0841, 0x0841, 0x0841, 0x0841, 0x0841,
    0x0841, 0x0841, 0x0841, 0x0841, 0x0841, 0x0841, 0x0841, 0x0841, 0x0841, 0x0841, 0x0841, 0x0841,
    0x0841, 0x0841, 0x0841, 0x0841, 0x0841, 0x0841, 0x0841, 0x0841, 0x0841, 0x0841, 0x0841, 0x0841,
    0x0841, 0x0841, 0x0841, 0x0841, 0x0841, 0x0841, 0x0841, 0x0841, 0x0841, 0x0841, 0x0841, 0x0841,
    0x0841, 0x0841, 0x0841, 0x0841, 0x0841, 0x0841, 0x0841, 0x0841, 0x0841, 0x0841, 0x0841, 0x0841,
    0x0841, 0x0841, 0x0841, 0x0841, 0x0841, 0x0841, 0x0841, 0x0841, 0x0841, 0x0841, 0x0841, 0x0841,
    0x0840, 0x40A2, 0x8143, 0xB9C5, 0xC9E6, 0xC164, 0xA944, 0x9903, 0x9903, 0x9903, 0x9903, 0x90E3,
    0x88C2, 0xB185, 0xB964, 0xC163, 0xC123, 0xB902, 0xB902, 0xB0E2, 0xB0E2, 0xB0E2, 0xA903, 0xA8E2,
    0xB0C2, 0xB8C2, 0xC0E2, 0xB8C2, 0xB0C2, 0xB0C2, 0xB0A1, 0xB8C2, 0xB0E2, 0xB0E2, 0xB903, 0xB903,
    0xB8E2, 0xB8C1, 0xB8C1, 0xB8A1, 0xB0A1, 0xB8C2, 0xC122, 0xC122, 0xB8E2, 0xB8C1, 0xC102, 0xC143,
    0xC143, 0xC164, 0xC164, 0xB944, 0xB923, 0xB923, 0xD1A4, 0xC1A5, 0x58C2, 0x0841, 0x0841, 0x0841,
    0x0841, 0x0841, 0x0841, 0x0841, 0x0841, 0x0841, 0x0841, 0x0841, 0x0841, 0x0841, 0x0841, 0x0841,
    0x0841, 0x0841, 0x0841, 0x0841, 0x0841, 0x0841, 0x0841, 0x0841, 0x0841, 0x0841, 0x0841, 0x0841,
    0x0841, 0x0841, 0x0841, 0x0841, 0x0841, 0x0841, 0x0841, 0x0841, 0x0841, 0x0841, 0x0841, 0x0841,
    0x0841, 0x0841, 0x0841, 0x0841, 0x0841, 0x0841, 0x0841, 0x0841, 0x0841, 0x0841, 0x0841, 0x0841,
    0x0841, 0x0841, 0x0841, 0x0841, 0x0841, 0x0841, 0x0841, 0x0841, 0x0841, 0x0841, 0x0841, 0x0841,
    0x0841, 0x0841, 0x0841, 0x0841, 0x0841, 0x0841, 0x0841, 0x0841, 0x0841, 0x0841, 0x0841, 0x0841,
    0x0841, 0x0841, 0x0841, 0x1861, 0x48A2, 0x8924, 0xA964, 0xB164, 0xA944, 0xA944, 0xA124, 0xA124,
    0x98E3, 0x9103, 0xB9C5, 0xB944, 0xC143, 0xB903, 0xB903, 0xB0E2, 0xB0E2, 0xB0E2, 0xB0E2, 0xB0E2,
    0xA8E2, 0xB0C2, 0xB0C2, 0xB903, 0xB103, 0xB0C2, 0xB8C2, 0xB902, 0xB903, 0xB0E2, 0xB8E2, 0xB8E2,
    0xB8E2, 0xB8C2, 0xB8C1, 0xB8A1, 0xB8E2, 0xC123, 0xC122, 0xB8E2, 0xB8C1, 0xB8E2, 0xB923, 0xB923,
    0xB943, 0xB923, 0xB103, 0xB123, 0xC9A5, 0xC9A5, 0x9144, 0x2061, 0x0841, 0x0841, 0x0841, 0x0841,
    0x0841, 0x0841, 0x0841, 0x0841, 0x0841, 0x0841, 0x0841, 0x0841, 0x0841, 0x0841, 0x0841, 0x0841,
    0x0841, 0x0841, 0x0841, 0x0841, 0x0841, 0x0841, 0x0841, 0x0841, 0x0841, 0x0841, 0x0841, 0x0841,
    0x0841, 0x0841, 0x0841, 0x0841, 0x0841, 0x0841, 0x0841, 0x0841, 0x0841, 0x0841, 0x0841, 0x0841,
    0x0841, 0x0841, 0x0841, 0x0841, 0x0841, 0x0841, 0x0841, 0x0841, 0x0841, 0x0841, 0x0841, 0x0841,
    0x0841, 0x0841, 0x0841, 0x0841, 0x0841, 0x0841, 0x0841, 0x0841, 0x0841, 0x0841, 0x0841, 0x0841,
    0x0841, 0x0841, 0x0841, 0x0841, 0x0841, 0x0841, 0x0841, 0x0841, 0x0841, 0x0841, 0x0841, 0x0841,
    0x0841, 0x0841, 0x0841, 0x0841, 0x0841, 0x0841, 0x1041, 0x3081, 0x50C2, 0x68E2, 0x78E3, 0x80E3,
    0x8903, 0x80C3, 0x9924, 0xC9C6, 0xC164, 0xB943, 0xB923, 0xB923, 0xB0E2, 0xB0E2, 0xB0E2, 0xB0E2,
    0xB103, 0xA8E2, 0xB0C2, 0xB0E2, 0xB103, 0xA8E2, 0xB123, 0xB103, 0xB903, 0xB903, 0xB902, 0xC143,
    0xB903, 0xB0E2, 0xB0C1, 0xB8E2, 0xB902, 0xB8E2, 0xB0C1, 0xB0C1, 0xB903, 0xB923, 0xB123, 0xB123,
    0xA903, 0xA903, 0xC164, 0xD1C5, 0xA184, 0x48A1, 0x0841, 0x0841, 0x0841, 0x0841, 0x0841, 0x0841,
    0x0841, 0x0841, 0x0841, 0x0841, 0x0841, 0x0841, 0x0841, 0x0841, 0x0841, 0x0841, 0x0841, 0x0841,
    0x0841, 0x0841, 0x0841, 0x0841, 0x0841, 0x0841, 0x0841, 0x0841, 0x0841, 0x0841, 0x0841, 0x0841,
    0x0841, 0x0841, 0x0841, 0x0841, 0x0841, 0x0841, 0x0841, 0x0841, 0x0841, 0x0841, 0x0841, 0x0841,
    0x0841, 0x0841, 0x0841, 0x0841, 0x0841, 0x0841, 0x0841, 0x0841, 0x0841, 0x0841, 0x0841, 0x0841,
    0x0841, 0x0841, 0x0841, 0x0841, 0x0841, 0x0841, 0x0841, 0x0841, 0x0841, 0x0841, 0x0841, 0x0841,
    0x0841, 0x0841, 0x0841, 0x0841, 0x0841, 0x0841, 0x0841, 0x0841, 0x0841, 0x0841, 0x0841, 0x0841,
    0x0841, 0x0841, 0x0841, 0x0841, 0x0841, 0x0841, 0x0841, 0x0841, 0x0841, 0x0841, 0x0841, 0x0841,
    0x0841, 0x1841, 0x2861, 0x70E3, 0xC9C5, 0xC185, 0xB123, 0xB923, 0xB944, 0xB923, 0xB103, 0xB103,
    0xB103, 0xB103, 0xB123, 0xB124, 0xA923, 0xA903, 0xA903, 0xB123, 0xB943, 0xB944, 0xB103, 0xB102,
    0xB103, 0xB103, 0xB103, 0xB0E3, 0xA8C2, 0xB0E2, 0xB123, 0xB144, 0xB144, 0xA923, 0xA923, 0xA923,
    0xC184, 0xC9C5, 0xA984, 0x50E2, 0x0841, 0x0841, 0x0841, 0x0841, 0x0841, 0x0841, 0x0841, 0x0841,
    0x0841, 0x0841, 0x0841, 0x0841, 0x0841, 0x0841, 0x0841, 0x0841, 0x0841, 0x0841, 0x0841, 0x0841,
    0x0841, 0x0841, 0x0841, 0x0841, 0x0841, 0x0841, 0x0841, 0x0841, 0x0841, 0x0841, 0x0841, 0x0841,
    0x0841, 0x0841, 0x0841, 0x0841, 0x0841, 0x0841, 0x0841, 0x0841, 0x0841, 0x0841, 0x0841, 0x0841,
    0x0841, 0x0841, 0x0841, 0x0841, 0x0841, 0x0841, 0x0841, 0x0841, 0x0841, 0x0841, 0x0841, 0x0841,
    0x0841, 0x0841, 0x0841, 0x0841, 0x0841, 0x0841, 0x0841, 0x0841, 0x0841, 0x0841, 0x0841, 0x0841,
    0x0841, 0x0841, 0x0841, 0x0841, 0x0841, 0x0841, 0x0841, 0x0841, 0x0841, 0x0841, 0x0841, 0x0841,
    0x0841, 0x0841, 0x0841, 0x0841, 0x0841, 0x0841, 0x0841, 0x0841, 0x0841, 0x0841, 0x0841, 0x0841,
    0x0841, 0x0841, 0x0841, 0x0841, 0x40A2, 0xA984, 0xC9A5, 0xB944, 0xB144, 0xB144, 0xB144, 0xB123,
    0xB123, 0xB123, 0xA924, 0xA923, 0xA8E3, 0xB123, 0xB944, 0xB964, 0xB964, 0xB103, 0xA8E2, 0xA0E2,
    0xA8E2, 0xA8E3, 0xA903, 0xA923, 0xA124, 0xA944, 0xA124, 0xA124, 0xA924, 0xB964, 0xC185, 0xB985,
    0x9143, 0x48A2, 0x0840, 0x0841, 0x0841, 0x0841, 0x0841, 0x0841, 0x0841, 0x0841, 0x0841, 0x0841,
    0x0841, 0x0841, 0x0841, 0x0841, 0x0841, 0x0841, 0x0841, 0x0841, 0x0841, 0x0841, 0x0841, 0x0841,
    0x0841, 0x0841, 0x0841, 0x0841, 0x0841, 0x0841, 0x0841, 0x0841, 0x0841, 0x0841, 0x0841, 0x0841,
    0x0841, 0x0841, 0x0841, 0x0841, 0x0841, 0x0841, 0x0841, 0x0841, 0x0841, 0x0841, 0x0841, 0x0841,
    0x0841, 0x0841, 0x0841, 0x0841, 0x0841, 0x0841, 0x0841, 0x0841, 0x0841, 0x0841, 0x0841, 0x0841,
    0x0841, 0x0841, 0x0841, 0x0841, 0x0841, 0x0841, 0x0841, 0x0841, 0x0841, 0x0841, 0x0841, 0x0841,
    0x0841, 0x0841, 0x0841, 0x0841, 0x0841, 0x0841, 0x0841, 0x0841, 0x0841, 0x0841, 0x0841, 0x0841,
    0x0841, 0x0841, 0x0841, 0x0841, 0x0841, 0x0841, 0x0841, 0x0841, 0x0841, 0x0841, 0x0841, 0x0841,
    0x0841, 0x0841, 0x0841, 0x0841, 0x0841, 0x1041, 0x60E3, 0xA984, 0xB964, 0xB944, 0xB164, 0xB164,
    0xB144, 0xB164, 0xB144, 0xB124, 0xB964, 0xB985, 0xB985, 0xB164, 0xA923, 0xA0E3, 0xA103, 0xA103,
    0xA0E3, 0xA0E3, 0xA124, 0xA944, 0xA965, 0xB165, 0xB164, 0xB985, 0xB184, 0x9964, 0x60E2, 0x2861,
    0x0841, 0x0841, 0x0841, 0x0841, 0x0841, 0x0841, 0x0841, 0x0841, 0x0841, 0x0841, 0x0841, 0x0841,
    0x0841, 0x0841, 0x0841, 0x0841, 0x0841, 0x0841, 0x0841, 0x0841, 0x0841, 0x0841, 0x0841, 0x0841,
    0x0841, 0x0841, 0x0841, 0x0841, 0x0841, 0x0841, 0x0841, 0x0841, 0x0841, 0x0841, 0x0841, 0x0841,
    0x0841, 0x0841, 0x0841, 0x0841, 0x0841, 0x0841, 0x0841, 0x0841, 0x0841, 0x0841, 0x0841, 0x0841,
    0x0841, 0x0841, 0x0841, 0x0841, 0x0841, 0x0841, 0x0841, 0x0841, 0x0841, 0x0841, 0x0841, 0x0841,
    0x0841, 0x0841, 0x0841, 0x0841, 0x0841, 0x0841, 0x0841, 0x0841, 0x0841, 0x0841, 0x0841, 0x0841,
    0x0841, 0x0841, 0x0841, 0x0841, 0x0841, 0x0841, 0x0841, 0x0841, 0x0841, 0x0841, 0x0841, 0x0841,
    0x0841, 0x0841, 0x0841, 0x0841, 0x0841, 0x0841, 0x0841, 0x0841, 0x0841, 0x0841, 0x0841, 0x0841,
    0x0841, 0x0841, 0x0841, 0x0841, 0x0841, 0x0841, 0x0841, 0x1841, 0x50C2, 0x8903, 0xB144, 0xB964,
    0xB964, 0xB964, 0xB985, 0xB985, 0xB9A5, 0xB985, 0xB164, 0xB144, 0xA924, 0xA924, 0xB124, 0xB144,
    0xB164, 0xB165, 0xB185, 0xA964, 0x9944, 0x8123, 0x6903, 0x48C2, 0x2061, 0x0841, 0x0841, 0x0841,
    0x0841, 0x0841, 0x0841, 0x0841, 0x0841, 0x0841, 0x0841, 0x0841, 0x0841, 0x0841, 0x0841, 0x0841,
    0x0841, 0x0841, 0x0841, 0x0841, 0x0841, 0x0841, 0x0841, 0x0841, 0x0841, 0x0841, 0x0841, 0x0841,
    0x0841, 0x0841, 0x0841, 0x0841, 0x0841, 0x0841, 0x0841, 0x0841, 0x0841, 0x0841, 0x0841, 0x0841,
    0x0841, 0x0841, 0x0841, 0x0841, 0x0841, 0x0841, 0x0841, 0x0841, 0x0841, 0x0841, 0x0841, 0x0841,
    0x0841, 0x0841, 0x0841, 0x0841, 0x0841, 0x0841, 0x0841, 0x0841, 0x0841, 0x0841, 0x0841, 0x0841,
    0x0841, 0x0841, 0x0841, 0x0841, 0x0841, 0x0841, 0x0841, 0x0841, 0x0841, 0x0841, 0x0841, 0x0841,
    0x0841, 0x0841, 0x0841, 0x0841, 0x0841, 0x0841, 0x0841, 0x0841, 0x0841, 0x0841, 0x0841, 0x0841,
    0x0841, 0x0841, 0x0841, 0x0841, 0x0841, 0x0841, 0x0841, 0x0841, 0x0841, 0x0841, 0x0841, 0x0841,
    0x0841, 0x0841, 0x0841, 0x0841, 0x0841, 0x0841, 0x0841, 0x0841, 0x0841, 0x0841, 0x2061, 0x48A2,
    0x70E3, 0x9123, 0xA144, 0xA964, 0xB984, 0xB964, 0xB985, 0xB985, 0xB185, 0xA964, 0xA144, 0x8923,
    0x7103, 0x60E3, 0x40A2, 0x2061, 0x1041, 0x0841, 0x0841, 0x0841, 0x0841, 0x0841, 0x0841, 0x0841,
    0x0841, 0x0841, 0x0841, 0x0841, 0x0841, 0x0841, 0x0841, 0x0841, 0x0841, 0x0841, 0x0841, 0x0841,
    0x0841, 0x0841, 0x0841, 0x0841, 0x0841, 0x0841, 0x0841, 0x0841, 0x0841, 0x0841, 0x0841, 0x0841,
    0x0841, 0x0841, 0x0841, 0x0841, 0x0841, 0x0841, 0x0841, 0x0841, 0x0841, 0x0841, 0x0841, 0x0841,
    0x0841, 0x0841, 0x0841, 0x0841, 0x0841, 0x0841, 0x0841, 0x0841, 0x0841, 0x0841, 0x0841, 0x0841,
    0x0841, 0x0841, 0x0841, 0x0841, 0x0841, 0x0841, 0x0841, 0x0841, 0x0841, 0x0841, 0x0841, 0x0841,
    0x0841, 0x0841, 0x0841, 0x0841, 0x0841, 0x0841, 0x0841, 0x0841, 0x0841, 0x0841, 0x0841, 0x0841,
    0x0841, 0x0841, 0x0841, 0x0841, 0x0841, 0x0841, 0x0841, 0x0841, 0x0841, 0x0841, 0x0841, 0x0841,
    0x0841, 0x0841, 0x0841, 0x0841, 0x0841, 0x0841, 0x0841, 0x0841, 0x0841, 0x0841, 0x0841, 0x0841,
    0x0841, 0x0841, 0x0841, 0x0841, 0x0841, 0x0841, 0x0841, 0x0841, 0x0841, 0x0841, 0x0841, 0x0841,
    0x0841, 0x0841, 0x1041, 0x2061, 0x2881, 0x3081, 0x3081, 0x3081, 0x2061, 0x1861, 0x1041, 0x0841,
    0x0841, 0x0841, 0x0841, 0x0841, 0x0841, 0x0841, 0x0841, 0x0841, 0x0841, 0x0841, 0x0841, 0x0841,
    0x0841, 0x0841, 0x0841, 0x0841, 0x0841, 0x0841, 0x0841, 0x0841, 0x0841, 0x0841, 0x0841, 0x0841,
    0x0841, 0x0841, 0x0841, 0x0841, 0x0841, 0x0841, 0x0841, 0x0841, 0x0841, 0x0841, 0x0841, 0x0841,
    0x0841, 0x0841, 0x0841, 0x0841, 0x0841, 0x0841, 0x0841, 0x0841, 0x0841, 0x0841, 0x0841, 0x0841,
    0x0841, 0x0841, 0x0841, 0x0841, 0x0841, 0x0841, 0x0841, 0x0841, 0x0841, 0x0841, 0x0841, 0x0841,
    0x0841, 0x0841, 0x0841, 0x0841, 0x0841, 0x0841, 0x0841, 0x0841, 0x0841, 0x0841, 0x0841, 0x0841,
    0x0841, 0x0841, 0x0841, 0x0841, 0x0841, 0x0841, 0x0841, 0x0841, 0x0841, 0x0841, 0x0841, 0x0841,
    0x0841, 0x0841, 0x0841, 0x0841, 0x0841, 0x0841, 0x0841, 0x0841, 0x0841, 0x0841, 0x0841, 0x0841,
    0x0841, 0x0841, 0x0841, 0x0841, 0x0841, 0x0841, 0x0841, 0x0841, 0x0841, 0x0841, 0x0841, 0x0841,
    0x0841, 0x0841, 0x0841, 0x0841, 0x0841, 0x0841, 0x0841, 0x0841, 0x0841, 0x0841, 0x0841, 0x0841,
    0x0841, 0x0841, 0x0841, 0x0841, 0x0841, 0x0841, 0x0841, 0x0841, 0x0841, 0x0841, 0x0841, 0x0841,
    0x0841, 0x0841, 0x0841, 0x0841, 0x0841, 0x0841, 0x0841, 0x0841, 0x0841, 0x0841, 0x0841, 0x0841,
    0x0841, 0x0841, 0x0841, 0x0841, 0x0841, 0x0841, 0x0841, 0x0841, 0x0841, 0x0841, 0x0841, 0x0841,
    0x0841, 0x0841, 0x0841, 0x0841, 0x0841, 0x0841, 0x0841, 0x0841, 0x0841, 0x0841, 0x0841, 0x0841,
    0x0841, 0x0841, 0x0841, 0x0841, 0x0841, 0x0841, 0x0841, 0x0841, 0x0841, 0x0841, 0x0841, 0x0841,
    0x0841, 0x0841, 0x0841, 0x0841, 0x0841, 0x0841, 0x0841, 0x0841, 0x0841, 0x0841, 0x0841, 0x0841,
    0x0841, 0x0841, 0x0841, 0x0841, 0x0841, 0x0841, 0x0841, 0x0841, 0x0841, 0x0841, 0x0841, 0x0841,
    0x0841, 0x0841, 0x0841, 0x0841, 0x0841, 0x0841, 0x0841, 0x0841, 0x0841, 0x0841, 0x0841, 0x0841,
    0x0841, 0x0841, 0x0841, 0x0841, 0x0841, 0x0841, 0x0841, 0x0841, 0x0841, 0x0841, 0x0841, 0x0841,
    0x0841, 0x0841, 0x0841, 0x0841, 0x0841, 0x0841, 0x0841, 0x0841, 0x0841, 0x0841, 0x0841, 0x0841,
    0x0841, 0x0841, 0x0841, 0x0841, 0x0841, 0x0841, 0x0841, 0x0841, 0x0841, 0x0841, 0x0841, 0x0841,
    0x0841, 0x0841, 0x0841, 0x0841, 0x0841, 0x0841, 0x0841, 0x0841, 0x0841, 0x0841, 0x0841, 0x0841,
    0x0841, 0x0841, 0x0841, 0x0841, 0x0841, 0x0841, 0x0841, 0x0841, 0x0841, 0x0841, 0x0841, 0x0841,
    0x0841, 0x0841, 0x0841, 0x0841, 0x0841, 0x0841, 0x0841, 0x0841, 0x0841, 0x0841, 0x0841, 0x0841,
    0x0841, 0x0841, 0x0841, 0x0841, 0x0841, 0x0841, 0x0841, 0x0841, 0x0841, 0x0841, 0x0841, 0x0841,
    0x0841, 0x0841, 0x0841, 0x0841, 0x0841, 0x0841, 0x0841, 0x0841, 0x0841, 0x0841, 0x0841, 0x0841,
    0x0841, 0x0841, 0x0841, 0x0841, 0x0841, 0x0841, 0x0841, 0x0841, 0x0841, 0x0841, 0x0841, 0x0841,
    0x0841, 0x0841, 0x0841, 0x0841, 0x0841, 0x0841, 0x0841, 0x0841, 0x0841, 0x0841, 0x0841, 0x0841,
    0x0841, 0x0841, 0x0841, 0x0841, 0x0841, 0x0841, 0x0841, 0x0841, 0x0841, 0x0841, 0x0841, 0x0841,
    0x0841, 0x0841, 0x0841, 0x0841, 0x0841, 0x0841, 0x0841, 0x0841, 0x0841, 0x0841, 0x0841, 0x0841,
    0x0841, 0x0841, 0x0841, 0x0841, 0x0841, 0x0841, 0x0841, 0x0841, 0x0841, 0x0841, 0x0841, 0x0841,
    0x0841, 0x0841, 0x0841, 0x0841, 0x0841, 0x0841, 0x0841, 0x0841, 0x0841, 0x0841, 0x0841, 0x0841,
    0x0841, 0x0841, 0x0841, 0x0841, 0x0841, 0x0841, 0x0841, 0x0841, 0x0841, 0x0841, 0x0841, 0x0841,
    0x0841, 0x0841, 0x0841, 0x0841, 0x0841, 0x0841, 0x0841, 0x0841, 0x0841, 0x0841, 0x0841, 0x0841,
    0x0841, 0x0841, 0x0841, 0x0841, 0x0841, 0x0841, 0x0841, 0x0841, 0x0841, 0x0841, 0x0841, 0x0841,
    0x0841, 0x0841, 0x0841, 0x0841, 0x0841, 0x0841, 0x0841, 0x0841, 0x0841, 0x0841, 0x0841, 0x0841,
    0x0841, 0x0841, 0x0841, 0x0841, 0x0841, 0x0841, 0x0841, 0x0841, 0x0841, 0x0841, 0x0841, 0x0841,
    0x0841, 0x0841, 0x0841, 0x0841, 0x0841, 0x0841, 0x0841, 0x0841, 0x0841, 0x0841, 0x0841, 0x0841,
    0x0841, 0x0841, 0x0841, 0x0841, 0x0841, 0x0841, 0x0841, 0x0841, 0x0841, 0x0841, 0x0841, 0x0841,
    0x0841, 0x0841, 0x0841, 0x0841, 0x0841, 0x0841, 0x0841, 0x0841, 0x0841, 0x0841, 0x0841, 0x0841,
    0x0841, 0x0841, 0x0841, 0x0841, 0x0841, 0x0841, 0x0841, 0x0841, 0x0841, 0x0841, 0x0841, 0x0841,
    0x0841, 0x0841, 0x0841, 0x0841, 0x0841, 0x0841, 0x0841, 0x0841, 0x0841, 0x0841, 0x0841, 0x0841,
    0x0841, 0x0841, 0x0841, 0x0841, 0x0841, 0x0841, 0x0841, 0x0841, 0x0841, 0x0841, 0x0841, 0x0841,
    0x0841, 0x0841, 0x0841, 0x0841, 0x0841, 0x0841, 0x0841, 0x0841, 0x0841, 0x0841, 0x0841, 0x0841,
    0x0841, 0x0841, 0x0841, 0x0841, 0x0841, 0x0841, 0x0841, 0x0841, 0x0841, 0x0841, 0x0841, 0x0841,
    0x0841, 0x0841, 0x0841, 0x0841, 0x0841, 0x0841, 0x0841, 0x0841, 0x0841, 0x0841, 0x0841, 0x0841,
    0x0841, 0x0841, 0x0841, 0x0841, 0x0841, 0x0841, 0x0841, 0x0841, 0x0841, 0x0841, 0x0841, 0x0841,
    0x0841, 0x0841, 0x0841, 0x0841, 0x0841, 0x0841, 0x0841, 0x0841, 0x0841, 0x0841, 0x0841, 0x0841,
    0x0841, 0x0841, 0x0841, 0x0841, 0x0841, 0x0841, 0x0841, 0x0841, 0x0841, 0x0841, 0x0841, 0x0841,
    0x0841, 0x0841, 0x0841, 0x0841, 0x0841, 0x0841, 0x0841, 0x0841, 0x0841, 0x0841, 0x0841, 0x0841,
    0x0841, 0x0841, 0x0841, 0x0841, 0x0841, 0x0841, 0x0841, 0x0841, 0x0841, 0x0841, 0x0841, 0x0841,
    0x0841, 0x0841, 0x0841, 0x0841, 0x0841, 0x0841, 0x0841, 0x0841, 0x0841, 0x0841, 0x0841, 0x0841,
    0x0841, 0x0841, 0x0841, 0x0841, 0x0841, 0x0841, 0x0841, 0x0841, 0x0841, 0x0841, 0x0841, 0x0841,
    0x0841, 0x0841, 0x0841, 0x0841, 0x0841, 0x0841, 0x0841, 0x0841, 0x0841, 0x0841, 0x0841, 0x0841,
    0x0841, 0x0841, 0x0841, 0x0841, 0x0841, 0x0841, 0x0841, 0x0841, 0x0841, 0x0841, 0x0841, 0x0841,
    0x0841, 0x0841, 0x0841, 0x0841, 0x0841, 0x0841, 0x0841, 0x0841, 0x0841, 0x0841, 0x0841, 0x0841,
    0x0841, 0x0841, 0x0841, 0x0841, 0x0841, 0x0841, 0x0841, 0x0841, 0x0841, 0x0841, 0x0841, 0x0841,
    0x0841, 0x0841, 0x0841, 0x0841, 0x0841, 0x0841, 0x0841, 0x0841, 0x0841, 0x0841, 0x0841, 0x0841,
    0x0841, 0x0841, 0x0841, 0x0841, 0x0841, 0x0841, 0x0841, 0x0841, 0x0841, 0x0841, 0x0841, 0x0841,
    0x0841, 0x0841, 0x0841, 0x0841, 0x0841, 0x0841, 0x0841, 0x0841, 0x0841, 0x0841, 0x0841, 0x0841,
    0x0841, 0x0841, 0x0841, 0x0841, 0x0841, 0x0841, 0x0841, 0x0841, 0x0841, 0x0841, 0x0841, 0x0841,
    0x0841, 0x0841, 0x0841, 0x0841, 0x0841, 0x0841, 0x0841, 0x0841, 0x0841, 0x0841, 0x0841, 0x0841,
    0x0841, 0x0841, 0x0841, 0x0841, 0x0841, 0x0841, 0x0841, 0x0841, 0x0841, 0x0841, 0x0841, 0x0841,
    0x0841, 0x0841, 0x0841, 0x0841, 0x0841, 0x0841, 0x0841, 0x0841, 0x0841, 0x0841, 0x0841, 0x0841,
    0x0841, 0x0841, 0x0841, 0x0841, 0x0841, 0x0841, 0x0841, 0x0841, 0x0841, 0x0841, 0x0841, 0x0841,
    0x0841, 0x0841, 0x0841, 0x0841, 0x0841, 0x0841, 0x0841, 0x0841, 0x0841, 0x0841, 0x0841, 0x0841,
    0x0841, 0x0841, 0x0841, 0x0841, 0x0841, 0x0841, 0x0841, 0x0841, 0x0841, 0x0841, 0x0841, 0x0841,
    0x0841, 0x0841, 0x0841, 0x0841, 0x0841, 0x0841, 0x0841, 0x0841, 0x0841, 0x0841, 0x0841, 0x0841,
    0x0841, 0x0841, 0x0841, 0x0841, 0x0841, 0x0841, 0x0841, 0x0841, 0x0841, 0x0841, 0x0841, 0x0841,
    0x0841, 0x0841, 0x0841, 0x0841, 0x0841, 0x0841, 0x0841, 0x0841, 0x0841, 0x0841, 0x0841, 0x0841,
    0x0841, 0x0841, 0x0841, 0x0841, 0x0841, 0x0841, 0x0841, 0x0841, 0x0841, 0x0841, 0x0841, 0x0841,
    0x0841, 0x0841, 0x0841, 0x0841, 0x0841, 0x0841, 0x0841, 0x0841, 0x0841, 0x0841, 0x0841, 0x0841,
    0x0841, 0x0841, 0x0841, 0x0841, 0x0841, 0x0841, 0x0841, 0x0841, 0x0841, 0x0841, 0x0841, 0x0841,
    0x0841, 0x0841, 0x0841, 0x0841, 0x0841, 0x0841, 0x0841, 0x0841, 0x0841, 0x0841, 0x0841, 0x0841,
    0x0841, 0x0841, 0x0841, 0x0841, 0x0841, 0x0841, 0x0841, 0x0841, 0x0841, 0x0841, 0x0841, 0x0841,
    0x0841, 0x0841, 0x0841, 0x0841, 0x0841, 0x0841, 0x0841, 0x0841, 0x0841, 0x0841, 0x0841, 0x0841,
    0x0841, 0x0841, 0x0841, 0x0841, 0x0841, 0x0841, 0x0841, 0x0841, 0x0841, 0x0841, 0x0841, 0x0841,
    0x0841, 0x0841, 0x0841, 0x0841, 0x0841, 0x0841, 0x0841, 0x0841, 0x0841, 0x0841, 0x0841, 0x0841,
    0x0841, 0x0841, 0x0841, 0x0841, 0x0841, 0x0841, 0x0841, 0x0841, 0x0841, 0x0841, 0x0841, 0x0841,
    0x0841, 0x0841, 0x0841, 0x0841, 0x0841, 0x0841, 0x0841, 0x0841, 0x0841, 0x0841, 0x0841, 0x0841,
    0x0841, 0x0841, 0x0841, 0x0841, 0x0841, 0x0841, 0x0841, 0x0841, 0x0841, 0x0841, 0x0841, 0x0841,
    0x0841, 0x0841, 0x0841, 0x0841, 0x0841, 0x0841, 0x0841, 0x0841, 0x0841, 0x0841, 0x0841, 0x0841,
};
